SET FOREIGN_KEY_CHECKS=0;

-- Dumping data for table: bahan_bakus
TRUNCATE TABLE `bahan_bakus`;
INSERT INTO `bahan_bakus` (`id`, `category_id`, `unit_id`, `sku`, `name`, `quantity`, `min_stock`, `purchase_price`, `description`, `is_below_min_stock`, `created_at`, `updated_at`, `deleted_at`) VALUES ('1', '1', '1', 'BB-DUMMY-1', 'Tanah Liat Super', '1000', '10', '5000', NULL, '0', '2026-05-01 05:12:32', '2026-05-01 05:15:11', NULL);
INSERT INTO `bahan_bakus` (`id`, `category_id`, `unit_id`, `sku`, `name`, `quantity`, `min_stock`, `purchase_price`, `description`, `is_below_min_stock`, `created_at`, `updated_at`, `deleted_at`) VALUES ('2', '1', '1', 'BB-DUMMY-2', 'Pewarna Keramik', '1000', '5', '2000', NULL, '0', '2026-05-01 05:12:32', '2026-05-01 05:12:32', NULL);

-- Dumping data for table: bom_items
TRUNCATE TABLE `bom_items`;
INSERT INTO `bom_items` (`id`, `bom_id`, `bahan_baku_id`, `quantity`, `created_at`, `updated_at`) VALUES ('1', '1', '1', '2', '2026-05-01 05:13:19', '2026-05-01 05:13:19');
INSERT INTO `bom_items` (`id`, `bom_id`, `bahan_baku_id`, `quantity`, `created_at`, `updated_at`) VALUES ('2', '1', '2', '1', '2026-05-01 05:13:19', '2026-05-01 05:13:19');

-- Dumping data for table: boms
TRUNCATE TABLE `boms`;
INSERT INTO `boms` (`id`, `product_id`, `name`, `notes`, `is_active`, `created_at`, `updated_at`, `deleted_at`) VALUES ('1', '93', 'Resep Piring Estetik Default', 'Generated by seeder', '1', '2026-05-01 05:13:19', '2026-05-01 05:13:19', NULL);

-- Dumping data for table: cache
TRUNCATE TABLE `cache`;
INSERT INTO `cache` (`key`, `value`, `expiration`) VALUES ('laravel-cache-dashboard_cashflow_today_20260430_20260430', 'a:3:{s:6:\"income\";d:0;s:7:\"expense\";d:0;s:13:\"net_cash_flow\";d:0;}', '1777575171');
INSERT INTO `cache` (`key`, `value`, `expiration`) VALUES ('laravel-cache-dashboard_cashflow_today_20260501_20260501', 'a:3:{s:6:\"income\";d:0;s:7:\"expense\";d:0;s:13:\"net_cash_flow\";d:0;}', '1777609862');
INSERT INTO `cache` (`key`, `value`, `expiration`) VALUES ('laravel-cache-dashboard_cashflow_trend_20260430_20260430', 'a:2:{s:6:\"income\";a:1:{s:10:\"2026-04-30\";d:0;}s:7:\"expense\";a:1:{s:10:\"2026-04-30\";d:0;}}', '1777574675');
INSERT INTO `cache` (`key`, `value`, `expiration`) VALUES ('laravel-cache-dashboard_cashflow_trend_20260501_20260501', 'a:2:{s:6:\"income\";a:1:{s:10:\"2026-05-01\";d:0;}s:7:\"expense\";a:1:{s:10:\"2026-05-01\";d:0;}}', '1777610762');
INSERT INTO `cache` (`key`, `value`, `expiration`) VALUES ('laravel-cache-dashboard_expense_breakdown_20260430_20260430', 'a:0:{}', '1777574675');
INSERT INTO `cache` (`key`, `value`, `expiration`) VALUES ('laravel-cache-dashboard_expense_breakdown_20260501_20260501', 'a:0:{}', '1777610762');
INSERT INTO `cache` (`key`, `value`, `expiration`) VALUES ('laravel-cache-dashboard_low_stock', 'a:0:{}', '1777609857');
INSERT INTO `cache` (`key`, `value`, `expiration`) VALUES ('laravel-cache-dashboard_recent_sales', 'a:0:{}', '1777609863');
INSERT INTO `cache` (`key`, `value`, `expiration`) VALUES ('laravel-cache-dashboard_sales_today_20260430_20260430', 'a:3:{s:13:\"total_revenue\";d:0;s:5:\"count\";i:0;s:12:\"gross_profit\";d:0;}', '1777575171');
INSERT INTO `cache` (`key`, `value`, `expiration`) VALUES ('laravel-cache-dashboard_sales_today_20260501_20260501', 'a:3:{s:13:\"total_revenue\";d:0;s:5:\"count\";i:0;s:12:\"gross_profit\";d:0;}', '1777609861');
INSERT INTO `cache` (`key`, `value`, `expiration`) VALUES ('laravel-cache-dashboard_sales_trend_20260430_20260430', 'a:1:{s:10:\"2026-04-30\";i:0;}', '1777574675');
INSERT INTO `cache` (`key`, `value`, `expiration`) VALUES ('laravel-cache-dashboard_sales_trend_20260501_20260501', 'a:1:{s:10:\"2026-05-01\";i:0;}', '1777610762');
INSERT INTO `cache` (`key`, `value`, `expiration`) VALUES ('laravel-cache-dashboard_top_customers_20260430_20260430', 'a:0:{}', '1777574675');
INSERT INTO `cache` (`key`, `value`, `expiration`) VALUES ('laravel-cache-dashboard_top_customers_20260501_20260501', 'a:0:{}', '1777610762');
INSERT INTO `cache` (`key`, `value`, `expiration`) VALUES ('laravel-cache-dashboard_top_products_20260430_20260430', 'a:0:{}', '1777574675');
INSERT INTO `cache` (`key`, `value`, `expiration`) VALUES ('laravel-cache-dashboard_top_products_20260501_20260501', 'a:0:{}', '1777610762');
INSERT INTO `cache` (`key`, `value`, `expiration`) VALUES ('laravel-cache-products_search_d41d8cd98f00b204e9800998ecf8427e', 'O:29:\"Illuminate\\Support\\Collection\":2:{s:8:\"\0*\0items\";a:50:{i:0;a:9:{s:5:\"value\";i:1;s:2:\"id\";i:1;s:4:\"text\";s:22:\"Semen Tiga Roda (50kg)\";s:4:\"name\";s:22:\"Semen Tiga Roda (50kg)\";s:5:\"price\";i:59500;s:13:\"selling_price\";i:70000;s:3:\"sku\";s:13:\"P.260430.RC3E\";s:8:\"quantity\";i:97;s:4:\"unit\";a:2:{s:6:\"symbol\";s:3:\"sak\";s:4:\"name\";s:3:\"Sak\";}}i:1;a:9:{s:5:\"value\";i:2;s:2:\"id\";i:2;s:4:\"text\";s:20:\"Semen Dynamix (50kg)\";s:4:\"name\";s:20:\"Semen Dynamix (50kg)\";s:5:\"price\";i:55250;s:13:\"selling_price\";i:65000;s:3:\"sku\";s:13:\"P.260430.XMCB\";s:8:\"quantity\";i:64;s:4:\"unit\";a:2:{s:6:\"symbol\";s:3:\"sak\";s:4:\"name\";s:3:\"Sak\";}}i:2;a:9:{s:5:\"value\";i:3;s:2:\"id\";i:3;s:4:\"text\";s:21:\"Semen Rajawali (50kg)\";s:4:\"name\";s:21:\"Semen Rajawali (50kg)\";s:5:\"price\";i:50150;s:13:\"selling_price\";i:59000;s:3:\"sku\";s:13:\"P.260430.YOCK\";s:8:\"quantity\";i:24;s:4:\"unit\";a:2:{s:6:\"symbol\";s:3:\"sak\";s:4:\"name\";s:3:\"Sak\";}}i:3;a:9:{s:5:\"value\";i:4;s:2:\"id\";i:4;s:4:\"text\";s:20:\"Semen Merdeka (50kg)\";s:4:\"name\";s:20:\"Semen Merdeka (50kg)\";s:5:\"price\";i:45475;s:13:\"selling_price\";i:53500;s:3:\"sku\";s:13:\"P.260430.G35G\";s:8:\"quantity\";i:19;s:4:\"unit\";a:2:{s:6:\"symbol\";s:3:\"sak\";s:4:\"name\";s:3:\"Sak\";}}i:4;a:9:{s:5:\"value\";i:5;s:2:\"id\";i:5;s:4:\"text\";s:17:\"Semen Best (50kg)\";s:4:\"name\";s:17:\"Semen Best (50kg)\";s:5:\"price\";i:44200;s:13:\"selling_price\";i:52000;s:3:\"sku\";s:13:\"P.260430.RYJF\";s:8:\"quantity\";i:52;s:4:\"unit\";a:2:{s:6:\"symbol\";s:3:\"sak\";s:4:\"name\";s:3:\"Sak\";}}i:5;a:9:{s:5:\"value\";i:6;s:2:\"id\";i:6;s:4:\"text\";s:28:\"Acian TR-30 Tiga Roda (40kg)\";s:4:\"name\";s:28:\"Acian TR-30 Tiga Roda (40kg)\";s:5:\"price\";i:93500;s:13:\"selling_price\";i:110000;s:3:\"sku\";s:13:\"P.260430.JNKA\";s:8:\"quantity\";i:61;s:4:\"unit\";a:2:{s:6:\"symbol\";s:3:\"sak\";s:4:\"name\";s:3:\"Sak\";}}i:6;a:9:{s:5:\"value\";i:7;s:2:\"id\";i:7;s:4:\"text\";s:28:\"Semen Putih Tiga Roda (40kg)\";s:4:\"name\";s:28:\"Semen Putih Tiga Roda (40kg)\";s:5:\"price\";i:93500;s:13:\"selling_price\";i:110000;s:3:\"sku\";s:13:\"P.260430.GMHS\";s:8:\"quantity\";i:16;s:4:\"unit\";a:2:{s:6:\"symbol\";s:3:\"sak\";s:4:\"name\";s:3:\"Sak\";}}i:7;a:9:{s:5:\"value\";i:8;s:2:\"id\";i:8;s:4:\"text\";s:22:\"Semen Hebel SCG (40kg)\";s:4:\"name\";s:22:\"Semen Hebel SCG (40kg)\";s:5:\"price\";i:55250;s:13:\"selling_price\";i:65000;s:3:\"sku\";s:13:\"P.260430.I5TO\";s:8:\"quantity\";i:15;s:4:\"unit\";a:2:{s:6:\"symbol\";s:3:\"sak\";s:4:\"name\";s:3:\"Sak\";}}i:8;a:9:{s:5:\"value\";i:9;s:2:\"id\";i:9;s:4:\"text\";s:33:\"Acian Plester Putih Maxson MC-270\";s:4:\"name\";s:33:\"Acian Plester Putih Maxson MC-270\";s:5:\"price\";i:53125;s:13:\"selling_price\";i:62500;s:3:\"sku\";s:13:\"P.260430.G6FA\";s:8:\"quantity\";i:64;s:4:\"unit\";a:2:{s:6:\"symbol\";s:3:\"sak\";s:4:\"name\";s:3:\"Sak\";}}i:9;a:9:{s:5:\"value\";i:10;s:2:\"id\";i:10;s:4:\"text\";s:30:\"Casting / Tepung Gipsum (20kg)\";s:4:\"name\";s:30:\"Casting / Tepung Gipsum (20kg)\";s:5:\"price\";i:31450;s:13:\"selling_price\";i:37000;s:3:\"sku\";s:13:\"P.260430.6VCP\";s:8:\"quantity\";i:88;s:4:\"unit\";a:2:{s:6:\"symbol\";s:3:\"sak\";s:4:\"name\";s:3:\"Sak\";}}i:10;a:9:{s:5:\"value\";i:11;s:2:\"id\";i:11;s:4:\"text\";s:17:\"Kapur Mill (20kg)\";s:4:\"name\";s:17:\"Kapur Mill (20kg)\";s:5:\"price\";i:15300;s:13:\"selling_price\";i:18000;s:3:\"sku\";s:13:\"P.260430.U1HM\";s:8:\"quantity\";i:97;s:4:\"unit\";a:2:{s:6:\"symbol\";s:3:\"sak\";s:4:\"name\";s:3:\"Sak\";}}i:11;a:9:{s:5:\"value\";i:12;s:2:\"id\";i:12;s:4:\"text\";s:16:\"Kompon A+ (20kg)\";s:4:\"name\";s:16:\"Kompon A+ (20kg)\";s:5:\"price\";i:51000;s:13:\"selling_price\";i:60000;s:3:\"sku\";s:13:\"P.260430.YGSU\";s:8:\"quantity\";i:22;s:4:\"unit\";a:2:{s:6:\"symbol\";s:3:\"sak\";s:4:\"name\";s:3:\"Sak\";}}i:12;a:9:{s:5:\"value\";i:13;s:2:\"id\";i:13;s:4:\"text\";s:36:\"TR-15 Tiga Roda Perekat Hebel (40kg)\";s:4:\"name\";s:36:\"TR-15 Tiga Roda Perekat Hebel (40kg)\";s:5:\"price\";i:68000;s:13:\"selling_price\";i:80000;s:3:\"sku\";s:13:\"P.260430.VE0X\";s:8:\"quantity\";i:65;s:4:\"unit\";a:2:{s:6:\"symbol\";s:3:\"sak\";s:4:\"name\";s:3:\"Sak\";}}i:13;a:9:{s:5:\"value\";i:14;s:2:\"id\";i:14;s:4:\"text\";s:36:\"TR-20 Tiga Roda Plester Hebel (40kg)\";s:4:\"name\";s:36:\"TR-20 Tiga Roda Plester Hebel (40kg)\";s:5:\"price\";i:68000;s:13:\"selling_price\";i:80000;s:3:\"sku\";s:13:\"P.260430.1WPF\";s:8:\"quantity\";i:43;s:4:\"unit\";a:2:{s:6:\"symbol\";s:3:\"sak\";s:4:\"name\";s:3:\"Sak\";}}i:14;a:9:{s:5:\"value\";i:15;s:2:\"id\";i:15;s:4:\"text\";s:37:\"MU-301 Tiga Roda Plester Hebel (40kg)\";s:4:\"name\";s:37:\"MU-301 Tiga Roda Plester Hebel (40kg)\";s:5:\"price\";i:82450;s:13:\"selling_price\";i:97000;s:3:\"sku\";s:13:\"P.260430.QEN3\";s:8:\"quantity\";i:27;s:4:\"unit\";a:2:{s:6:\"symbol\";s:3:\"sak\";s:4:\"name\";s:3:\"Sak\";}}i:15;a:9:{s:5:\"value\";i:16;s:2:\"id\";i:16;s:4:\"text\";s:20:\"Pasir Jumbo (1 Truk)\";s:4:\"name\";s:20:\"Pasir Jumbo (1 Truk)\";s:5:\"price\";i:935000;s:13:\"selling_price\";i:1100000;s:3:\"sku\";s:13:\"P.260430.EMJE\";s:8:\"quantity\";i:38;s:4:\"unit\";a:2:{s:6:\"symbol\";s:3:\"rit\";s:4:\"name\";s:3:\"Rit\";}}i:16;a:9:{s:5:\"value\";i:17;s:2:\"id\";i:17;s:4:\"text\";s:18:\"Pasir Cor (1 Truk)\";s:4:\"name\";s:18:\"Pasir Cor (1 Truk)\";s:5:\"price\";i:1147500;s:13:\"selling_price\";i:1350000;s:3:\"sku\";s:13:\"P.260430.S8RA\";s:8:\"quantity\";i:47;s:4:\"unit\";a:2:{s:6:\"symbol\";s:3:\"rit\";s:4:\"name\";s:3:\"Rit\";}}i:17;a:9:{s:5:\"value\";i:18;s:2:\"id\";i:18;s:4:\"text\";s:19:\"Pasir Cuci (1 Truk)\";s:4:\"name\";s:19:\"Pasir Cuci (1 Truk)\";s:5:\"price\";i:1275000;s:13:\"selling_price\";i:1500000;s:3:\"sku\";s:13:\"P.260430.C1S8\";s:8:\"quantity\";i:60;s:4:\"unit\";a:2:{s:6:\"symbol\";s:3:\"rit\";s:4:\"name\";s:3:\"Rit\";}}i:18;a:9:{s:5:\"value\";i:19;s:2:\"id\";i:19;s:4:\"text\";s:27:\"Batu Pondasi Hitam (1 Truk)\";s:4:\"name\";s:27:\"Batu Pondasi Hitam (1 Truk)\";s:5:\"price\";i:1020000;s:13:\"selling_price\";i:1200000;s:3:\"sku\";s:13:\"P.260430.EVR3\";s:8:\"quantity\";i:46;s:4:\"unit\";a:2:{s:6:\"symbol\";s:3:\"rit\";s:4:\"name\";s:3:\"Rit\";}}i:19;a:9:{s:5:\"value\";i:20;s:2:\"id\";i:20;s:4:\"text\";s:27:\"Batu Pondasi Putih (1 Truk)\";s:4:\"name\";s:27:\"Batu Pondasi Putih (1 Truk)\";s:5:\"price\";i:765000;s:13:\"selling_price\";i:900000;s:3:\"sku\";s:13:\"P.260430.Q5P0\";s:8:\"quantity\";i:90;s:4:\"unit\";a:2:{s:6:\"symbol\";s:3:\"rit\";s:4:\"name\";s:3:\"Rit\";}}i:20;a:9:{s:5:\"value\";i:21;s:2:\"id\";i:21;s:4:\"text\";s:21:\"Batu Split - Rata Bak\";s:4:\"name\";s:21:\"Batu Split - Rata Bak\";s:5:\"price\";i:1530000;s:13:\"selling_price\";i:1800000;s:3:\"sku\";s:13:\"P.260430.UD1A\";s:8:\"quantity\";i:99;s:4:\"unit\";a:2:{s:6:\"symbol\";s:3:\"rit\";s:4:\"name\";s:3:\"Rit\";}}i:21;a:9:{s:5:\"value\";i:22;s:2:\"id\";i:22;s:4:\"text\";s:21:\"Batu Split - Full Bak\";s:4:\"name\";s:21:\"Batu Split - Full Bak\";s:5:\"price\";i:1700000;s:13:\"selling_price\";i:2000000;s:3:\"sku\";s:13:\"P.260430.MEHS\";s:8:\"quantity\";i:40;s:4:\"unit\";a:2:{s:6:\"symbol\";s:3:\"rit\";s:4:\"name\";s:3:\"Rit\";}}i:22;a:9:{s:5:\"value\";i:23;s:2:\"id\";i:23;s:4:\"text\";s:19:\"Sirtu Urug (1 Truk)\";s:4:\"name\";s:19:\"Sirtu Urug (1 Truk)\";s:5:\"price\";i:595000;s:13:\"selling_price\";i:700000;s:3:\"sku\";s:13:\"P.260430.E61S\";s:8:\"quantity\";i:39;s:4:\"unit\";a:2:{s:6:\"symbol\";s:3:\"rit\";s:4:\"name\";s:3:\"Rit\";}}i:23;a:9:{s:5:\"value\";i:24;s:2:\"id\";i:24;s:4:\"text\";s:19:\"Tanah Urug (1 Truk)\";s:4:\"name\";s:19:\"Tanah Urug (1 Truk)\";s:5:\"price\";i:467500;s:13:\"selling_price\";i:550000;s:3:\"sku\";s:13:\"P.260430.NNJP\";s:8:\"quantity\";i:88;s:4:\"unit\";a:2:{s:6:\"symbol\";s:3:\"rit\";s:4:\"name\";s:3:\"Rit\";}}i:24;a:9:{s:5:\"value\";i:25;s:2:\"id\";i:25;s:4:\"text\";s:16:\"Bata (K) - Kecil\";s:4:\"name\";s:16:\"Bata (K) - Kecil\";s:5:\"price\";i:638;s:13:\"selling_price\";i:750;s:3:\"sku\";s:13:\"P.260430.PL8A\";s:8:\"quantity\";i:38;s:4:\"unit\";a:2:{s:6:\"symbol\";s:3:\"pcs\";s:4:\"name\";s:3:\"Pcs\";}}i:25;a:9:{s:5:\"value\";i:26;s:2:\"id\";i:26;s:4:\"text\";s:17:\"Bata (S) - Sedang\";s:4:\"name\";s:17:\"Bata (S) - Sedang\";s:5:\"price\";i:808;s:13:\"selling_price\";i:950;s:3:\"sku\";s:13:\"P.260430.4NUC\";s:8:\"quantity\";i:75;s:4:\"unit\";a:2:{s:6:\"symbol\";s:3:\"pcs\";s:4:\"name\";s:3:\"Pcs\";}}i:26;a:9:{s:5:\"value\";i:27;s:2:\"id\";i:27;s:4:\"text\";s:16:\"Bata (B) - Besar\";s:4:\"name\";s:16:\"Bata (B) - Besar\";s:5:\"price\";i:850;s:13:\"selling_price\";i:1000;s:3:\"sku\";s:13:\"P.260430.2U3P\";s:8:\"quantity\";i:74;s:4:\"unit\";a:2:{s:6:\"symbol\";s:3:\"pcs\";s:4:\"name\";s:3:\"Pcs\";}}i:27;a:9:{s:5:\"value\";i:28;s:2:\"id\";i:28;s:4:\"text\";s:17:\"Triplek 3mm Tunas\";s:4:\"name\";s:17:\"Triplek 3mm Tunas\";s:5:\"price\";i:39100;s:13:\"selling_price\";i:46000;s:3:\"sku\";s:13:\"P.260430.STQQ\";s:8:\"quantity\";i:16;s:4:\"unit\";a:2:{s:6:\"symbol\";s:3:\"lbr\";s:4:\"name\";s:6:\"Lembar\";}}i:28;a:9:{s:5:\"value\";i:29;s:2:\"id\";i:29;s:4:\"text\";s:17:\"Triplek 4mm Tunas\";s:4:\"name\";s:17:\"Triplek 4mm Tunas\";s:5:\"price\";i:45475;s:13:\"selling_price\";i:53500;s:3:\"sku\";s:13:\"P.260430.RLKM\";s:8:\"quantity\";i:72;s:4:\"unit\";a:2:{s:6:\"symbol\";s:3:\"lbr\";s:4:\"name\";s:6:\"Lembar\";}}i:29;a:9:{s:5:\"value\";i:30;s:2:\"id\";i:30;s:4:\"text\";s:17:\"Triplek 6mm Tunas\";s:4:\"name\";s:17:\"Triplek 6mm Tunas\";s:5:\"price\";i:57375;s:13:\"selling_price\";i:67500;s:3:\"sku\";s:13:\"P.260430.QO77\";s:8:\"quantity\";i:80;s:4:\"unit\";a:2:{s:6:\"symbol\";s:3:\"lbr\";s:4:\"name\";s:6:\"Lembar\";}}i:30;a:9:{s:5:\"value\";i:31;s:2:\"id\";i:31;s:4:\"text\";s:14:\"Triplek 6mm MC\";s:4:\"name\";s:14:\"Triplek 6mm MC\";s:5:\"price\";i:80750;s:13:\"selling_price\";i:95000;s:3:\"sku\";s:13:\"P.260430.K1AX\";s:8:\"quantity\";i:57;s:4:\"unit\";a:2:{s:6:\"symbol\";s:3:\"lbr\";s:4:\"name\";s:6:\"Lembar\";}}i:31;a:9:{s:5:\"value\";i:32;s:2:\"id\";i:32;s:4:\"text\";s:14:\"Triplek 8mm MC\";s:4:\"name\";s:14:\"Triplek 8mm MC\";s:5:\"price\";i:69700;s:13:\"selling_price\";i:82000;s:3:\"sku\";s:13:\"P.260430.6SSQ\";s:8:\"quantity\";i:91;s:4:\"unit\";a:2:{s:6:\"symbol\";s:3:\"lbr\";s:4:\"name\";s:6:\"Lembar\";}}i:32;a:9:{s:5:\"value\";i:33;s:2:\"id\";i:33;s:4:\"text\";s:15:\"Triplek 12mm MC\";s:4:\"name\";s:15:\"Triplek 12mm MC\";s:5:\"price\";i:114750;s:13:\"selling_price\";i:135000;s:3:\"sku\";s:13:\"P.260430.O4PV\";s:8:\"quantity\";i:33;s:4:\"unit\";a:2:{s:6:\"symbol\";s:3:\"lbr\";s:4:\"name\";s:6:\"Lembar\";}}i:33;a:9:{s:5:\"value\";i:34;s:2:\"id\";i:34;s:4:\"text\";s:15:\"Triplek 18mm MC\";s:4:\"name\";s:15:\"Triplek 18mm MC\";s:5:\"price\";i:178500;s:13:\"selling_price\";i:210000;s:3:\"sku\";s:13:\"P.260430.99CY\";s:8:\"quantity\";i:11;s:4:\"unit\";a:2:{s:6:\"symbol\";s:3:\"lbr\";s:4:\"name\";s:6:\"Lembar\";}}i:34;a:9:{s:5:\"value\";i:35;s:2:\"id\";i:35;s:4:\"text\";s:21:\"Triplek 9mm UT Better\";s:4:\"name\";s:21:\"Triplek 9mm UT Better\";s:5:\"price\";i:111350;s:13:\"selling_price\";i:131000;s:3:\"sku\";s:13:\"P.260430.HBXV\";s:8:\"quantity\";i:45;s:4:\"unit\";a:2:{s:6:\"symbol\";s:3:\"lbr\";s:4:\"name\";s:6:\"Lembar\";}}i:35;a:9:{s:5:\"value\";i:36;s:2:\"id\";i:36;s:4:\"text\";s:22:\"Triplek 12mm UT Better\";s:4:\"name\";s:22:\"Triplek 12mm UT Better\";s:5:\"price\";i:136000;s:13:\"selling_price\";i:160000;s:3:\"sku\";s:13:\"P.260430.WAB9\";s:8:\"quantity\";i:65;s:4:\"unit\";a:2:{s:6:\"symbol\";s:3:\"lbr\";s:4:\"name\";s:6:\"Lembar\";}}i:36;a:9:{s:5:\"value\";i:37;s:2:\"id\";i:37;s:4:\"text\";s:22:\"Triplek 15mm UT Better\";s:4:\"name\";s:22:\"Triplek 15mm UT Better\";s:5:\"price\";i:158950;s:13:\"selling_price\";i:187000;s:3:\"sku\";s:13:\"P.260430.CKTP\";s:8:\"quantity\";i:18;s:4:\"unit\";a:2:{s:6:\"symbol\";s:3:\"lbr\";s:4:\"name\";s:6:\"Lembar\";}}i:37;a:9:{s:5:\"value\";i:38;s:2:\"id\";i:38;s:4:\"text\";s:22:\"Triplek 18mm UT Better\";s:4:\"name\";s:22:\"Triplek 18mm UT Better\";s:5:\"price\";i:195500;s:13:\"selling_price\";i:230000;s:3:\"sku\";s:13:\"P.260430.7UUF\";s:8:\"quantity\";i:23;s:4:\"unit\";a:2:{s:6:\"symbol\";s:3:\"lbr\";s:4:\"name\";s:6:\"Lembar\";}}i:38;a:9:{s:5:\"value\";i:39;s:2:\"id\";i:39;s:4:\"text\";s:16:\"Triplek 3mm Alba\";s:4:\"name\";s:16:\"Triplek 3mm Alba\";s:5:\"price\";i:36125;s:13:\"selling_price\";i:42500;s:3:\"sku\";s:13:\"P.260430.5P94\";s:8:\"quantity\";i:67;s:4:\"unit\";a:2:{s:6:\"symbol\";s:3:\"lbr\";s:4:\"name\";s:6:\"Lembar\";}}i:39;a:9:{s:5:\"value\";i:40;s:2:\"id\";i:40;s:4:\"text\";s:16:\"Triplek 4mm Alba\";s:4:\"name\";s:16:\"Triplek 4mm Alba\";s:5:\"price\";i:44625;s:13:\"selling_price\";i:52500;s:3:\"sku\";s:13:\"P.260430.WO5C\";s:8:\"quantity\";i:69;s:4:\"unit\";a:2:{s:6:\"symbol\";s:3:\"lbr\";s:4:\"name\";s:6:\"Lembar\";}}i:40;a:9:{s:5:\"value\";i:41;s:2:\"id\";i:41;s:4:\"text\";s:27:\"Triplek Melaminto Putih 3mm\";s:4:\"name\";s:27:\"Triplek Melaminto Putih 3mm\";s:5:\"price\";i:108375;s:13:\"selling_price\";i:127500;s:3:\"sku\";s:13:\"P.260430.RDFL\";s:8:\"quantity\";i:27;s:4:\"unit\";a:2:{s:6:\"symbol\";s:3:\"lbr\";s:4:\"name\";s:6:\"Lembar\";}}i:41;a:9:{s:5:\"value\";i:42;s:2:\"id\";i:42;s:4:\"text\";s:20:\"Triplek 15mm X Brasi\";s:4:\"name\";s:20:\"Triplek 15mm X Brasi\";s:5:\"price\";i:174250;s:13:\"selling_price\";i:205000;s:3:\"sku\";s:13:\"P.260430.Z5U6\";s:8:\"quantity\";i:11;s:4:\"unit\";a:2:{s:6:\"symbol\";s:3:\"lbr\";s:4:\"name\";s:6:\"Lembar\";}}i:42;a:9:{s:5:\"value\";i:43;s:2:\"id\";i:43;s:4:\"text\";s:10:\"Terpal 2x3\";s:4:\"name\";s:10:\"Terpal 2x3\";s:5:\"price\";i:34000;s:13:\"selling_price\";i:40000;s:3:\"sku\";s:13:\"P.260430.HBFB\";s:8:\"quantity\";i:61;s:4:\"unit\";a:2:{s:6:\"symbol\";s:3:\"pcs\";s:4:\"name\";s:3:\"Pcs\";}}i:43;a:9:{s:5:\"value\";i:44;s:2:\"id\";i:44;s:4:\"text\";s:10:\"Terpal 3x3\";s:4:\"name\";s:10:\"Terpal 3x3\";s:5:\"price\";i:51000;s:13:\"selling_price\";i:60000;s:3:\"sku\";s:13:\"P.260430.UWSY\";s:8:\"quantity\";i:29;s:4:\"unit\";a:2:{s:6:\"symbol\";s:3:\"pcs\";s:4:\"name\";s:3:\"Pcs\";}}i:44;a:9:{s:5:\"value\";i:45;s:2:\"id\";i:45;s:4:\"text\";s:10:\"Terpal 4x4\";s:4:\"name\";s:10:\"Terpal 4x4\";s:5:\"price\";i:79900;s:13:\"selling_price\";i:94000;s:3:\"sku\";s:13:\"P.260430.IQBC\";s:8:\"quantity\";i:64;s:4:\"unit\";a:2:{s:6:\"symbol\";s:3:\"pcs\";s:4:\"name\";s:3:\"Pcs\";}}i:45;a:9:{s:5:\"value\";i:46;s:2:\"id\";i:46;s:4:\"text\";s:10:\"Terpal 4x6\";s:4:\"name\";s:10:\"Terpal 4x6\";s:5:\"price\";i:116875;s:13:\"selling_price\";i:137500;s:3:\"sku\";s:13:\"P.260430.XZRX\";s:8:\"quantity\";i:17;s:4:\"unit\";a:2:{s:6:\"symbol\";s:3:\"pcs\";s:4:\"name\";s:3:\"Pcs\";}}i:46;a:9:{s:5:\"value\";i:47;s:2:\"id\";i:47;s:4:\"text\";s:10:\"Terpal 5x7\";s:4:\"name\";s:10:\"Terpal 5x7\";s:5:\"price\";i:165750;s:13:\"selling_price\";i:195000;s:3:\"sku\";s:13:\"P.260430.GNAT\";s:8:\"quantity\";i:21;s:4:\"unit\";a:2:{s:6:\"symbol\";s:3:\"pcs\";s:4:\"name\";s:3:\"Pcs\";}}i:47;a:9:{s:5:\"value\";i:48;s:2:\"id\";i:48;s:4:\"text\";s:10:\"Terpal 5x6\";s:4:\"name\";s:10:\"Terpal 5x6\";s:5:\"price\";i:178500;s:13:\"selling_price\";i:210000;s:3:\"sku\";s:13:\"P.260430.LA8C\";s:8:\"quantity\";i:79;s:4:\"unit\";a:2:{s:6:\"symbol\";s:3:\"pcs\";s:4:\"name\";s:3:\"Pcs\";}}i:48;a:9:{s:5:\"value\";i:49;s:2:\"id\";i:49;s:4:\"text\";s:23:\"Kuku Macan Fujimi (Dus)\";s:4:\"name\";s:23:\"Kuku Macan Fujimi (Dus)\";s:5:\"price\";i:106250;s:13:\"selling_price\";i:125000;s:3:\"sku\";s:13:\"P.260430.KGFV\";s:8:\"quantity\";i:11;s:4:\"unit\";a:2:{s:6:\"symbol\";s:3:\"dus\";s:4:\"name\";s:3:\"Dus\";}}i:49;a:9:{s:5:\"value\";i:50;s:2:\"id\";i:50;s:4:\"text\";s:25:\"Kuku Macan Fujimi (Meter)\";s:4:\"name\";s:25:\"Kuku Macan Fujimi (Meter)\";s:5:\"price\";i:6375;s:13:\"selling_price\";i:7500;s:3:\"sku\";s:13:\"P.260430.QZKS\";s:8:\"quantity\";i:14;s:4:\"unit\";a:2:{s:6:\"symbol\";s:1:\"m\";s:4:\"name\";s:5:\"Meter\";}}}s:28:\"\0*\0escapeWhenCastingToString\";b:0;}', '1777574756');
INSERT INTO `cache` (`key`, `value`, `expiration`) VALUES ('laravel-cache-settings.currency_decimal_separator', 's:1:\",\";', '2092932877');
INSERT INTO `cache` (`key`, `value`, `expiration`) VALUES ('laravel-cache-settings.currency_fraction_digits', 's:1:\"0\";', '2092932877');
INSERT INTO `cache` (`key`, `value`, `expiration`) VALUES ('laravel-cache-settings.currency_position', 's:4:\"left\";', '2092932877');
INSERT INTO `cache` (`key`, `value`, `expiration`) VALUES ('laravel-cache-settings.currency_symbol', 's:2:\"Rp\";', '2092932877');
INSERT INTO `cache` (`key`, `value`, `expiration`) VALUES ('laravel-cache-settings.currency_thousand_separator', 's:1:\".\";', '2092932877');

-- Dumping data for table: categories
TRUNCATE TABLE `categories`;
INSERT INTO `categories` (`id`, `name`, `slug`, `description`, `created_at`, `updated_at`) VALUES ('1', 'Material Dasar', 'material-dasar', 'Bahan bangunan utama seperti pasir, semen, batu, bata, hebel, dan besi beton.', '2026-04-30 18:12:57', '2026-04-30 18:12:57');
INSERT INTO `categories` (`id`, `name`, `slug`, `description`, `created_at`, `updated_at`) VALUES ('2', 'Kayu & Atap', 'kayu-atap', 'Material kayu, triplek, kaso, serta penutup atap seperti genteng, asbes, seng, dan terpal.', '2026-04-30 18:12:57', '2026-04-30 18:12:57');
INSERT INTO `categories` (`id`, `name`, `slug`, `description`, `created_at`, `updated_at`) VALUES ('3', 'Cat & Finishing', 'cat-finishing', 'Segala jenis cat (tembok/kayu/besi), thinner, pelapis anti bocor (no drop), dan lem.', '2026-04-30 18:12:57', '2026-04-30 18:12:57');
INSERT INTO `categories` (`id`, `name`, `slug`, `description`, `created_at`, `updated_at`) VALUES ('4', 'Lantai & Dinding', 'lantai-dinding', 'Penutup lantai dan dinding termasuk keramik, granit, plint, dan lis profil (kuku macan).', '2026-04-30 18:12:57', '2026-04-30 18:12:57');
INSERT INTO `categories` (`id`, `name`, `slug`, `description`, `created_at`, `updated_at`) VALUES ('5', 'Pipa & Listrik', 'pipa-listrik', 'Instalasi air (pipa PVC, kran, toren) dan instalasi listrik (kabel, lampu, saklar).', '2026-04-30 18:12:57', '2026-04-30 18:12:57');
INSERT INTO `categories` (`id`, `name`, `slug`, `description`, `created_at`, `updated_at`) VALUES ('6', 'Paku & Alat', 'paku-alat', 'Barang kecil/receh seperti paku, baut, sekrup, engsel, gembok, dan peralatan tukang.', '2026-04-30 18:12:57', '2026-04-30 18:12:57');

-- Dumping data for table: customers
TRUNCATE TABLE `customers`;
INSERT INTO `customers` (`id`, `name`, `email`, `phone`, `address`, `notes`, `created_at`, `updated_at`) VALUES ('1', 'Casper Kozey Jr.', 'perry87@example.org', '779.586.2292', '636 Russel Route\nLebsackton, IL 54981', NULL, '2026-04-30 18:12:57', '2026-04-30 18:12:57');
INSERT INTO `customers` (`id`, `name`, `email`, `phone`, `address`, `notes`, `created_at`, `updated_at`) VALUES ('2', 'Effie Jacobs', 'keyon60@example.com', '+1.681.405.6629', '162 Dean Club\nSouth Bobbybury, AR 34594', 'Reprehenderit autem quas labore in.', '2026-04-30 18:12:57', '2026-04-30 18:12:57');
INSERT INTO `customers` (`id`, `name`, `email`, `phone`, `address`, `notes`, `created_at`, `updated_at`) VALUES ('3', 'Mrs. Ruthie Ernser II', 'hazle44@example.org', '707.531.0820', '1160 Wintheiser Groves Suite 077\nCrooksland, WY 47472', NULL, '2026-04-30 18:12:57', '2026-04-30 18:12:57');
INSERT INTO `customers` (`id`, `name`, `email`, `phone`, `address`, `notes`, `created_at`, `updated_at`) VALUES ('4', 'Miss Selena Farrell Jr.', 'dberge@example.com', '1-272-862-4295', '801 Rutherford Summit Apt. 610\nSteuberbury, MD 26652-5114', NULL, '2026-04-30 18:12:57', '2026-04-30 18:12:57');
INSERT INTO `customers` (`id`, `name`, `email`, `phone`, `address`, `notes`, `created_at`, `updated_at`) VALUES ('5', 'Ms. Freida Halvorson I', 'earnestine.lehner@example.net', '(386) 295-5922', '31684 Arnulfo Road\nEast Lela, LA 41571', 'Et sunt magni quia enim consequatur.', '2026-04-30 18:12:57', '2026-04-30 18:12:57');
INSERT INTO `customers` (`id`, `name`, `email`, `phone`, `address`, `notes`, `created_at`, `updated_at`) VALUES ('6', 'Maureen Bosco', 'reanna31@example.org', '502.505.2721', '48533 Quitzon Ford Suite 574\nEast Murl, MI 88035-7717', NULL, '2026-04-30 18:12:57', '2026-04-30 18:12:57');
INSERT INTO `customers` (`id`, `name`, `email`, `phone`, `address`, `notes`, `created_at`, `updated_at`) VALUES ('7', 'Miss Amya Bergstrom MD', 'ahegmann@example.org', '505.645.1194', '629 Dante Ports Suite 677\nFeilside, VT 63891', 'Repellendus inventore quia sint.', '2026-04-30 18:12:57', '2026-04-30 18:12:57');
INSERT INTO `customers` (`id`, `name`, `email`, `phone`, `address`, `notes`, `created_at`, `updated_at`) VALUES ('8', 'Howard Effertz Sr.', 'felipa02@example.net', '346.310.9816', '1771 Raynor Prairie\nVandervortport, MA 12223', 'Maxime quis eligendi laudantium unde sit.', '2026-04-30 18:12:57', '2026-04-30 18:12:57');
INSERT INTO `customers` (`id`, `name`, `email`, `phone`, `address`, `notes`, `created_at`, `updated_at`) VALUES ('9', 'Palma Lockman', 'camryn.skiles@example.org', '+1-863-280-6295', '442 Kuhlman Fords Suite 393\nEast Emerald, NV 45549', NULL, '2026-04-30 18:12:57', '2026-04-30 18:12:57');
INSERT INTO `customers` (`id`, `name`, `email`, `phone`, `address`, `notes`, `created_at`, `updated_at`) VALUES ('10', 'Danny Gorczany', 'roxane02@example.net', '623-541-3722', '898 Luella Summit\nWest Demario, KY 83919-1510', NULL, '2026-04-30 18:12:57', '2026-04-30 18:12:57');
INSERT INTO `customers` (`id`, `name`, `email`, `phone`, `address`, `notes`, `created_at`, `updated_at`) VALUES ('11', 'Minnie Mills', 'cbashirian@example.com', '(860) 983-8771', '533 Cole Motorway Suite 866\nGeorgianachester, IN 05955', NULL, '2026-04-30 18:12:57', '2026-04-30 18:12:57');
INSERT INTO `customers` (`id`, `name`, `email`, `phone`, `address`, `notes`, `created_at`, `updated_at`) VALUES ('12', 'Lucy Pouros', 'epouros@example.com', '938-491-9018', '372 Bertha Port Suite 656\nSouth Antonia, WA 88685-4082', NULL, '2026-04-30 18:12:57', '2026-04-30 18:12:57');
INSERT INTO `customers` (`id`, `name`, `email`, `phone`, `address`, `notes`, `created_at`, `updated_at`) VALUES ('13', 'Frances Jenkins', 'jorge87@example.net', '769.940.0112', '5090 Luther Springs\nSouth Haleighshire, KS 44261-4541', NULL, '2026-04-30 18:12:57', '2026-04-30 18:12:57');
INSERT INTO `customers` (`id`, `name`, `email`, `phone`, `address`, `notes`, `created_at`, `updated_at`) VALUES ('14', 'Bailey Brakus', 'laila.hirthe@example.net', '1-856-368-3341', '11502 Hagenes Place Suite 583\nNorth Daniela, MI 86883-5463', NULL, '2026-04-30 18:12:57', '2026-04-30 18:12:57');
INSERT INTO `customers` (`id`, `name`, `email`, `phone`, `address`, `notes`, `created_at`, `updated_at`) VALUES ('15', 'Margot Schroeder', 'rashad93@example.com', '+1.445.518.1909', '1867 Kylie Prairie\nDeventon, KS 37654', NULL, '2026-04-30 18:12:57', '2026-04-30 18:12:57');
INSERT INTO `customers` (`id`, `name`, `email`, `phone`, `address`, `notes`, `created_at`, `updated_at`) VALUES ('16', 'Moriah Douglas', 'heloise.crist@example.org', '754.364.9562', '5284 Effertz Cape Apt. 002\nSouth Erickamouth, LA 61092', NULL, '2026-04-30 18:12:57', '2026-04-30 18:12:57');
INSERT INTO `customers` (`id`, `name`, `email`, `phone`, `address`, `notes`, `created_at`, `updated_at`) VALUES ('17', 'Dr. Rubye Grant', 'omuller@example.org', '559.327.1546', '2733 Kariane Field\nLake Antwon, IA 54649-5447', NULL, '2026-04-30 18:12:57', '2026-04-30 18:12:57');
INSERT INTO `customers` (`id`, `name`, `email`, `phone`, `address`, `notes`, `created_at`, `updated_at`) VALUES ('18', 'Clemens Schamberger', 'ymuller@example.net', '480-412-7026', '9635 Christiansen Drives\nEast Kyleighmouth, TX 35398-3236', 'Tempore minus omnis impedit quis est et ipsam eligendi.', '2026-04-30 18:12:57', '2026-04-30 18:12:57');
INSERT INTO `customers` (`id`, `name`, `email`, `phone`, `address`, `notes`, `created_at`, `updated_at`) VALUES ('19', 'Prof. Christopher Bashirian II', 'axel.ohara@example.com', '+1-321-230-9970', '59910 Skiles Mission\nLake Eriberto, MI 91279-2435', NULL, '2026-04-30 18:12:57', '2026-04-30 18:12:57');
INSERT INTO `customers` (`id`, `name`, `email`, `phone`, `address`, `notes`, `created_at`, `updated_at`) VALUES ('20', 'Reuben Hartmann', 'howell22@example.net', '+1-484-489-1065', '94264 Magali Trail Apt. 593\nNew Pete, CO 13522-2153', NULL, '2026-04-30 18:12:57', '2026-04-30 18:12:57');
INSERT INTO `customers` (`id`, `name`, `email`, `phone`, `address`, `notes`, `created_at`, `updated_at`) VALUES ('21', 'Estefania Koepp I', 'goldner.jevon@example.com', '+1 (520) 262-3322', '4376 Yost Land Suite 608\nNew Gene, OR 16214-4025', NULL, '2026-04-30 18:12:57', '2026-04-30 18:12:57');
INSERT INTO `customers` (`id`, `name`, `email`, `phone`, `address`, `notes`, `created_at`, `updated_at`) VALUES ('22', 'Prof. Lelia Larson PhD', 'bhermann@example.net', '+1.754.456.5073', '8450 Rowe Plaza Apt. 614\nHiltonfurt, IL 90520', 'At exercitationem odit vitae.', '2026-04-30 18:12:57', '2026-04-30 18:12:57');
INSERT INTO `customers` (`id`, `name`, `email`, `phone`, `address`, `notes`, `created_at`, `updated_at`) VALUES ('23', 'Prof. Brenna Bernhard DDS', 'lenora22@example.org', '+15749339828', '79161 Bernhard Avenue\nNorth Cecilia, WI 77830-5000', NULL, '2026-04-30 18:12:57', '2026-04-30 18:12:57');
INSERT INTO `customers` (`id`, `name`, `email`, `phone`, `address`, `notes`, `created_at`, `updated_at`) VALUES ('24', 'Alexandro Braun DVM', 'adrien.hodkiewicz@example.com', '+1-931-727-3817', '98728 Maximillian Drives Apt. 002\nStromanborough, OR 99209-3085', 'Veritatis quaerat odio sint.', '2026-04-30 18:12:57', '2026-04-30 18:12:57');
INSERT INTO `customers` (`id`, `name`, `email`, `phone`, `address`, `notes`, `created_at`, `updated_at`) VALUES ('25', 'Marianna Treutel PhD', 'qkoch@example.net', '1-401-264-9278', '8712 Hilma Meadows\nEast Hellenshire, MS 22001-9486', NULL, '2026-04-30 18:12:57', '2026-04-30 18:12:57');

-- Dumping data for table: detail_produksis
TRUNCATE TABLE `detail_produksis`;
INSERT INTO `detail_produksis` (`id`, `produksi_id`, `bahan_baku_id`, `quantity_requested`, `quantity_approved`, `status`, `approved_by`, `approved_at`, `created_at`, `updated_at`) VALUES ('1', '2', '1', '22', '22', 'approved', NULL, NULL, '2026-05-01 05:13:52', '2026-05-01 05:13:52');
INSERT INTO `detail_produksis` (`id`, `produksi_id`, `bahan_baku_id`, `quantity_requested`, `quantity_approved`, `status`, `approved_by`, `approved_at`, `created_at`, `updated_at`) VALUES ('2', '2', '2', '11', '11', 'approved', NULL, NULL, '2026-05-01 05:13:52', '2026-05-01 05:13:52');
INSERT INTO `detail_produksis` (`id`, `produksi_id`, `bahan_baku_id`, `quantity_requested`, `quantity_approved`, `status`, `approved_by`, `approved_at`, `created_at`, `updated_at`) VALUES ('3', '3', '1', '24', '24', 'approved', NULL, NULL, '2026-05-01 05:13:52', '2026-05-01 05:13:52');
INSERT INTO `detail_produksis` (`id`, `produksi_id`, `bahan_baku_id`, `quantity_requested`, `quantity_approved`, `status`, `approved_by`, `approved_at`, `created_at`, `updated_at`) VALUES ('4', '3', '2', '12', '12', 'approved', NULL, NULL, '2026-05-01 05:13:52', '2026-05-01 05:13:52');
INSERT INTO `detail_produksis` (`id`, `produksi_id`, `bahan_baku_id`, `quantity_requested`, `quantity_approved`, `status`, `approved_by`, `approved_at`, `created_at`, `updated_at`) VALUES ('5', '4', '1', '26', '26', 'approved', NULL, NULL, '2026-05-01 05:13:52', '2026-05-01 05:13:52');
INSERT INTO `detail_produksis` (`id`, `produksi_id`, `bahan_baku_id`, `quantity_requested`, `quantity_approved`, `status`, `approved_by`, `approved_at`, `created_at`, `updated_at`) VALUES ('6', '4', '2', '13', '13', 'approved', NULL, NULL, '2026-05-01 05:13:52', '2026-05-01 05:13:52');
INSERT INTO `detail_produksis` (`id`, `produksi_id`, `bahan_baku_id`, `quantity_requested`, `quantity_approved`, `status`, `approved_by`, `approved_at`, `created_at`, `updated_at`) VALUES ('7', '5', '1', '28', '28', 'approved', NULL, NULL, '2026-05-01 05:13:52', '2026-05-01 05:13:52');
INSERT INTO `detail_produksis` (`id`, `produksi_id`, `bahan_baku_id`, `quantity_requested`, `quantity_approved`, `status`, `approved_by`, `approved_at`, `created_at`, `updated_at`) VALUES ('8', '5', '2', '14', '14', 'approved', NULL, NULL, '2026-05-01 05:13:52', '2026-05-01 05:13:52');
INSERT INTO `detail_produksis` (`id`, `produksi_id`, `bahan_baku_id`, `quantity_requested`, `quantity_approved`, `status`, `approved_by`, `approved_at`, `created_at`, `updated_at`) VALUES ('9', '6', '1', '30', '30', 'approved', NULL, NULL, '2026-05-01 05:13:52', '2026-05-01 05:13:52');
INSERT INTO `detail_produksis` (`id`, `produksi_id`, `bahan_baku_id`, `quantity_requested`, `quantity_approved`, `status`, `approved_by`, `approved_at`, `created_at`, `updated_at`) VALUES ('10', '6', '2', '15', '15', 'approved', NULL, NULL, '2026-05-01 05:13:52', '2026-05-01 05:13:52');
INSERT INTO `detail_produksis` (`id`, `produksi_id`, `bahan_baku_id`, `quantity_requested`, `quantity_approved`, `status`, `approved_by`, `approved_at`, `created_at`, `updated_at`) VALUES ('11', '7', '1', '32', '32', 'approved', NULL, NULL, '2026-05-01 05:13:53', '2026-05-01 05:13:53');
INSERT INTO `detail_produksis` (`id`, `produksi_id`, `bahan_baku_id`, `quantity_requested`, `quantity_approved`, `status`, `approved_by`, `approved_at`, `created_at`, `updated_at`) VALUES ('12', '7', '2', '16', '16', 'approved', NULL, NULL, '2026-05-01 05:13:53', '2026-05-01 05:13:53');
INSERT INTO `detail_produksis` (`id`, `produksi_id`, `bahan_baku_id`, `quantity_requested`, `quantity_approved`, `status`, `approved_by`, `approved_at`, `created_at`, `updated_at`) VALUES ('13', '8', '1', '34', '0', 'pending', NULL, NULL, '2026-05-01 05:13:53', '2026-05-01 05:13:53');
INSERT INTO `detail_produksis` (`id`, `produksi_id`, `bahan_baku_id`, `quantity_requested`, `quantity_approved`, `status`, `approved_by`, `approved_at`, `created_at`, `updated_at`) VALUES ('14', '8', '2', '17', '0', 'pending', NULL, NULL, '2026-05-01 05:13:53', '2026-05-01 05:13:53');
INSERT INTO `detail_produksis` (`id`, `produksi_id`, `bahan_baku_id`, `quantity_requested`, `quantity_approved`, `status`, `approved_by`, `approved_at`, `created_at`, `updated_at`) VALUES ('15', '9', '1', '36', '0', 'pending', NULL, NULL, '2026-05-01 05:13:53', '2026-05-01 05:13:53');
INSERT INTO `detail_produksis` (`id`, `produksi_id`, `bahan_baku_id`, `quantity_requested`, `quantity_approved`, `status`, `approved_by`, `approved_at`, `created_at`, `updated_at`) VALUES ('16', '9', '2', '18', '0', 'pending', NULL, NULL, '2026-05-01 05:13:53', '2026-05-01 05:13:53');
INSERT INTO `detail_produksis` (`id`, `produksi_id`, `bahan_baku_id`, `quantity_requested`, `quantity_approved`, `status`, `approved_by`, `approved_at`, `created_at`, `updated_at`) VALUES ('17', '10', '1', '38', '0', 'pending', NULL, NULL, '2026-05-01 05:13:53', '2026-05-01 05:13:53');
INSERT INTO `detail_produksis` (`id`, `produksi_id`, `bahan_baku_id`, `quantity_requested`, `quantity_approved`, `status`, `approved_by`, `approved_at`, `created_at`, `updated_at`) VALUES ('18', '10', '2', '19', '0', 'pending', NULL, NULL, '2026-05-01 05:13:53', '2026-05-01 05:13:53');
INSERT INTO `detail_produksis` (`id`, `produksi_id`, `bahan_baku_id`, `quantity_requested`, `quantity_approved`, `status`, `approved_by`, `approved_at`, `created_at`, `updated_at`) VALUES ('19', '11', '1', '40', '0', 'pending', NULL, NULL, '2026-05-01 05:13:53', '2026-05-01 05:13:53');
INSERT INTO `detail_produksis` (`id`, `produksi_id`, `bahan_baku_id`, `quantity_requested`, `quantity_approved`, `status`, `approved_by`, `approved_at`, `created_at`, `updated_at`) VALUES ('20', '11', '2', '20', '0', 'pending', NULL, NULL, '2026-05-01 05:13:53', '2026-05-01 05:13:53');
INSERT INTO `detail_produksis` (`id`, `produksi_id`, `bahan_baku_id`, `quantity_requested`, `quantity_approved`, `status`, `approved_by`, `approved_at`, `created_at`, `updated_at`) VALUES ('21', '12', '1', '12', '0', 'pending', NULL, NULL, '2026-05-01 05:13:53', '2026-05-01 05:13:53');
INSERT INTO `detail_produksis` (`id`, `produksi_id`, `bahan_baku_id`, `quantity_requested`, `quantity_approved`, `status`, `approved_by`, `approved_at`, `created_at`, `updated_at`) VALUES ('22', '12', '2', '6', '0', 'pending', NULL, NULL, '2026-05-01 05:13:53', '2026-05-01 05:13:53');
INSERT INTO `detail_produksis` (`id`, `produksi_id`, `bahan_baku_id`, `quantity_requested`, `quantity_approved`, `status`, `approved_by`, `approved_at`, `created_at`, `updated_at`) VALUES ('23', '13', '1', '14', '0', 'pending', NULL, NULL, '2026-05-01 05:13:53', '2026-05-01 05:13:53');
INSERT INTO `detail_produksis` (`id`, `produksi_id`, `bahan_baku_id`, `quantity_requested`, `quantity_approved`, `status`, `approved_by`, `approved_at`, `created_at`, `updated_at`) VALUES ('24', '13', '2', '7', '0', 'pending', NULL, NULL, '2026-05-01 05:13:53', '2026-05-01 05:13:53');
INSERT INTO `detail_produksis` (`id`, `produksi_id`, `bahan_baku_id`, `quantity_requested`, `quantity_approved`, `status`, `approved_by`, `approved_at`, `created_at`, `updated_at`) VALUES ('25', '14', '1', '16', '0', 'pending', NULL, NULL, '2026-05-01 05:13:53', '2026-05-01 05:13:53');
INSERT INTO `detail_produksis` (`id`, `produksi_id`, `bahan_baku_id`, `quantity_requested`, `quantity_approved`, `status`, `approved_by`, `approved_at`, `created_at`, `updated_at`) VALUES ('26', '14', '2', '8', '0', 'pending', NULL, NULL, '2026-05-01 05:13:53', '2026-05-01 05:13:53');
INSERT INTO `detail_produksis` (`id`, `produksi_id`, `bahan_baku_id`, `quantity_requested`, `quantity_approved`, `status`, `approved_by`, `approved_at`, `created_at`, `updated_at`) VALUES ('27', '15', '1', '22', '22', 'approved', NULL, NULL, '2026-05-01 05:14:42', '2026-05-01 05:14:42');
INSERT INTO `detail_produksis` (`id`, `produksi_id`, `bahan_baku_id`, `quantity_requested`, `quantity_approved`, `status`, `approved_by`, `approved_at`, `created_at`, `updated_at`) VALUES ('28', '15', '2', '11', '11', 'approved', NULL, NULL, '2026-05-01 05:14:42', '2026-05-01 05:14:42');
INSERT INTO `detail_produksis` (`id`, `produksi_id`, `bahan_baku_id`, `quantity_requested`, `quantity_approved`, `status`, `approved_by`, `approved_at`, `created_at`, `updated_at`) VALUES ('29', '16', '1', '24', '24', 'approved', NULL, NULL, '2026-05-01 05:14:42', '2026-05-01 05:14:42');
INSERT INTO `detail_produksis` (`id`, `produksi_id`, `bahan_baku_id`, `quantity_requested`, `quantity_approved`, `status`, `approved_by`, `approved_at`, `created_at`, `updated_at`) VALUES ('30', '16', '2', '12', '12', 'approved', NULL, NULL, '2026-05-01 05:14:42', '2026-05-01 05:14:42');
INSERT INTO `detail_produksis` (`id`, `produksi_id`, `bahan_baku_id`, `quantity_requested`, `quantity_approved`, `status`, `approved_by`, `approved_at`, `created_at`, `updated_at`) VALUES ('31', '17', '1', '26', '26', 'approved', NULL, NULL, '2026-05-01 05:14:42', '2026-05-01 05:14:42');
INSERT INTO `detail_produksis` (`id`, `produksi_id`, `bahan_baku_id`, `quantity_requested`, `quantity_approved`, `status`, `approved_by`, `approved_at`, `created_at`, `updated_at`) VALUES ('32', '17', '2', '13', '13', 'approved', NULL, NULL, '2026-05-01 05:14:42', '2026-05-01 05:14:42');
INSERT INTO `detail_produksis` (`id`, `produksi_id`, `bahan_baku_id`, `quantity_requested`, `quantity_approved`, `status`, `approved_by`, `approved_at`, `created_at`, `updated_at`) VALUES ('33', '18', '1', '28', '28', 'approved', NULL, NULL, '2026-05-01 05:14:42', '2026-05-01 05:14:42');
INSERT INTO `detail_produksis` (`id`, `produksi_id`, `bahan_baku_id`, `quantity_requested`, `quantity_approved`, `status`, `approved_by`, `approved_at`, `created_at`, `updated_at`) VALUES ('34', '18', '2', '14', '14', 'approved', NULL, NULL, '2026-05-01 05:14:42', '2026-05-01 05:14:42');
INSERT INTO `detail_produksis` (`id`, `produksi_id`, `bahan_baku_id`, `quantity_requested`, `quantity_approved`, `status`, `approved_by`, `approved_at`, `created_at`, `updated_at`) VALUES ('35', '19', '1', '30', '30', 'approved', NULL, NULL, '2026-05-01 05:14:42', '2026-05-01 05:14:42');
INSERT INTO `detail_produksis` (`id`, `produksi_id`, `bahan_baku_id`, `quantity_requested`, `quantity_approved`, `status`, `approved_by`, `approved_at`, `created_at`, `updated_at`) VALUES ('36', '19', '2', '15', '15', 'approved', NULL, NULL, '2026-05-01 05:14:42', '2026-05-01 05:14:42');
INSERT INTO `detail_produksis` (`id`, `produksi_id`, `bahan_baku_id`, `quantity_requested`, `quantity_approved`, `status`, `approved_by`, `approved_at`, `created_at`, `updated_at`) VALUES ('37', '20', '1', '32', '32', 'approved', NULL, NULL, '2026-05-01 05:14:42', '2026-05-01 05:14:42');
INSERT INTO `detail_produksis` (`id`, `produksi_id`, `bahan_baku_id`, `quantity_requested`, `quantity_approved`, `status`, `approved_by`, `approved_at`, `created_at`, `updated_at`) VALUES ('38', '20', '2', '16', '16', 'approved', NULL, NULL, '2026-05-01 05:14:42', '2026-05-01 05:14:42');
INSERT INTO `detail_produksis` (`id`, `produksi_id`, `bahan_baku_id`, `quantity_requested`, `quantity_approved`, `status`, `approved_by`, `approved_at`, `created_at`, `updated_at`) VALUES ('39', '21', '1', '34', '0', 'pending', NULL, NULL, '2026-05-01 05:14:42', '2026-05-01 05:14:42');
INSERT INTO `detail_produksis` (`id`, `produksi_id`, `bahan_baku_id`, `quantity_requested`, `quantity_approved`, `status`, `approved_by`, `approved_at`, `created_at`, `updated_at`) VALUES ('40', '21', '2', '17', '0', 'pending', NULL, NULL, '2026-05-01 05:14:42', '2026-05-01 05:14:42');
INSERT INTO `detail_produksis` (`id`, `produksi_id`, `bahan_baku_id`, `quantity_requested`, `quantity_approved`, `status`, `approved_by`, `approved_at`, `created_at`, `updated_at`) VALUES ('41', '22', '1', '36', '0', 'pending', NULL, NULL, '2026-05-01 05:14:42', '2026-05-01 05:14:42');
INSERT INTO `detail_produksis` (`id`, `produksi_id`, `bahan_baku_id`, `quantity_requested`, `quantity_approved`, `status`, `approved_by`, `approved_at`, `created_at`, `updated_at`) VALUES ('42', '22', '2', '18', '0', 'pending', NULL, NULL, '2026-05-01 05:14:42', '2026-05-01 05:14:42');
INSERT INTO `detail_produksis` (`id`, `produksi_id`, `bahan_baku_id`, `quantity_requested`, `quantity_approved`, `status`, `approved_by`, `approved_at`, `created_at`, `updated_at`) VALUES ('43', '23', '1', '38', '0', 'pending', NULL, NULL, '2026-05-01 05:14:42', '2026-05-01 05:14:42');
INSERT INTO `detail_produksis` (`id`, `produksi_id`, `bahan_baku_id`, `quantity_requested`, `quantity_approved`, `status`, `approved_by`, `approved_at`, `created_at`, `updated_at`) VALUES ('44', '23', '2', '19', '0', 'pending', NULL, NULL, '2026-05-01 05:14:42', '2026-05-01 05:14:42');
INSERT INTO `detail_produksis` (`id`, `produksi_id`, `bahan_baku_id`, `quantity_requested`, `quantity_approved`, `status`, `approved_by`, `approved_at`, `created_at`, `updated_at`) VALUES ('45', '24', '1', '40', '0', 'pending', NULL, NULL, '2026-05-01 05:14:42', '2026-05-01 05:14:42');
INSERT INTO `detail_produksis` (`id`, `produksi_id`, `bahan_baku_id`, `quantity_requested`, `quantity_approved`, `status`, `approved_by`, `approved_at`, `created_at`, `updated_at`) VALUES ('46', '24', '2', '20', '0', 'pending', NULL, NULL, '2026-05-01 05:14:42', '2026-05-01 05:14:42');
INSERT INTO `detail_produksis` (`id`, `produksi_id`, `bahan_baku_id`, `quantity_requested`, `quantity_approved`, `status`, `approved_by`, `approved_at`, `created_at`, `updated_at`) VALUES ('47', '25', '1', '12', '0', 'pending', NULL, NULL, '2026-05-01 05:14:42', '2026-05-01 05:14:42');
INSERT INTO `detail_produksis` (`id`, `produksi_id`, `bahan_baku_id`, `quantity_requested`, `quantity_approved`, `status`, `approved_by`, `approved_at`, `created_at`, `updated_at`) VALUES ('48', '25', '2', '6', '0', 'pending', NULL, NULL, '2026-05-01 05:14:42', '2026-05-01 05:14:42');
INSERT INTO `detail_produksis` (`id`, `produksi_id`, `bahan_baku_id`, `quantity_requested`, `quantity_approved`, `status`, `approved_by`, `approved_at`, `created_at`, `updated_at`) VALUES ('49', '26', '1', '14', '0', 'pending', NULL, NULL, '2026-05-01 05:14:42', '2026-05-01 05:14:42');
INSERT INTO `detail_produksis` (`id`, `produksi_id`, `bahan_baku_id`, `quantity_requested`, `quantity_approved`, `status`, `approved_by`, `approved_at`, `created_at`, `updated_at`) VALUES ('50', '26', '2', '7', '0', 'pending', NULL, NULL, '2026-05-01 05:14:42', '2026-05-01 05:14:42');
INSERT INTO `detail_produksis` (`id`, `produksi_id`, `bahan_baku_id`, `quantity_requested`, `quantity_approved`, `status`, `approved_by`, `approved_at`, `created_at`, `updated_at`) VALUES ('51', '27', '1', '16', '0', 'pending', NULL, NULL, '2026-05-01 05:14:42', '2026-05-01 05:14:42');
INSERT INTO `detail_produksis` (`id`, `produksi_id`, `bahan_baku_id`, `quantity_requested`, `quantity_approved`, `status`, `approved_by`, `approved_at`, `created_at`, `updated_at`) VALUES ('52', '27', '2', '8', '0', 'pending', NULL, NULL, '2026-05-01 05:14:42', '2026-05-01 05:14:42');
INSERT INTO `detail_produksis` (`id`, `produksi_id`, `bahan_baku_id`, `quantity_requested`, `quantity_approved`, `status`, `approved_by`, `approved_at`, `created_at`, `updated_at`) VALUES ('53', '28', '1', '22', '22', 'approved', NULL, NULL, '2026-05-01 05:15:11', '2026-05-01 05:15:11');
INSERT INTO `detail_produksis` (`id`, `produksi_id`, `bahan_baku_id`, `quantity_requested`, `quantity_approved`, `status`, `approved_by`, `approved_at`, `created_at`, `updated_at`) VALUES ('54', '28', '2', '11', '11', 'approved', NULL, NULL, '2026-05-01 05:15:11', '2026-05-01 05:15:11');
INSERT INTO `detail_produksis` (`id`, `produksi_id`, `bahan_baku_id`, `quantity_requested`, `quantity_approved`, `status`, `approved_by`, `approved_at`, `created_at`, `updated_at`) VALUES ('55', '29', '1', '24', '24', 'approved', NULL, NULL, '2026-05-01 05:15:11', '2026-05-01 05:15:11');
INSERT INTO `detail_produksis` (`id`, `produksi_id`, `bahan_baku_id`, `quantity_requested`, `quantity_approved`, `status`, `approved_by`, `approved_at`, `created_at`, `updated_at`) VALUES ('56', '29', '2', '12', '12', 'approved', NULL, NULL, '2026-05-01 05:15:11', '2026-05-01 05:15:11');
INSERT INTO `detail_produksis` (`id`, `produksi_id`, `bahan_baku_id`, `quantity_requested`, `quantity_approved`, `status`, `approved_by`, `approved_at`, `created_at`, `updated_at`) VALUES ('57', '30', '1', '26', '26', 'approved', NULL, NULL, '2026-05-01 05:15:11', '2026-05-01 05:15:11');
INSERT INTO `detail_produksis` (`id`, `produksi_id`, `bahan_baku_id`, `quantity_requested`, `quantity_approved`, `status`, `approved_by`, `approved_at`, `created_at`, `updated_at`) VALUES ('58', '30', '2', '13', '13', 'approved', NULL, NULL, '2026-05-01 05:15:11', '2026-05-01 05:15:11');
INSERT INTO `detail_produksis` (`id`, `produksi_id`, `bahan_baku_id`, `quantity_requested`, `quantity_approved`, `status`, `approved_by`, `approved_at`, `created_at`, `updated_at`) VALUES ('59', '31', '1', '28', '28', 'approved', NULL, NULL, '2026-05-01 05:15:11', '2026-05-01 05:15:11');
INSERT INTO `detail_produksis` (`id`, `produksi_id`, `bahan_baku_id`, `quantity_requested`, `quantity_approved`, `status`, `approved_by`, `approved_at`, `created_at`, `updated_at`) VALUES ('60', '31', '2', '14', '14', 'approved', NULL, NULL, '2026-05-01 05:15:11', '2026-05-01 05:15:11');
INSERT INTO `detail_produksis` (`id`, `produksi_id`, `bahan_baku_id`, `quantity_requested`, `quantity_approved`, `status`, `approved_by`, `approved_at`, `created_at`, `updated_at`) VALUES ('61', '32', '1', '30', '30', 'approved', NULL, NULL, '2026-05-01 05:15:11', '2026-05-01 05:15:11');
INSERT INTO `detail_produksis` (`id`, `produksi_id`, `bahan_baku_id`, `quantity_requested`, `quantity_approved`, `status`, `approved_by`, `approved_at`, `created_at`, `updated_at`) VALUES ('62', '32', '2', '15', '15', 'approved', NULL, NULL, '2026-05-01 05:15:11', '2026-05-01 05:15:11');
INSERT INTO `detail_produksis` (`id`, `produksi_id`, `bahan_baku_id`, `quantity_requested`, `quantity_approved`, `status`, `approved_by`, `approved_at`, `created_at`, `updated_at`) VALUES ('63', '33', '1', '32', '32', 'approved', NULL, NULL, '2026-05-01 05:15:11', '2026-05-01 05:15:11');
INSERT INTO `detail_produksis` (`id`, `produksi_id`, `bahan_baku_id`, `quantity_requested`, `quantity_approved`, `status`, `approved_by`, `approved_at`, `created_at`, `updated_at`) VALUES ('64', '33', '2', '16', '16', 'approved', NULL, NULL, '2026-05-01 05:15:11', '2026-05-01 05:15:11');
INSERT INTO `detail_produksis` (`id`, `produksi_id`, `bahan_baku_id`, `quantity_requested`, `quantity_approved`, `status`, `approved_by`, `approved_at`, `created_at`, `updated_at`) VALUES ('65', '34', '1', '34', '0', 'pending', NULL, NULL, '2026-05-01 05:15:11', '2026-05-01 05:15:11');
INSERT INTO `detail_produksis` (`id`, `produksi_id`, `bahan_baku_id`, `quantity_requested`, `quantity_approved`, `status`, `approved_by`, `approved_at`, `created_at`, `updated_at`) VALUES ('66', '34', '2', '17', '0', 'pending', NULL, NULL, '2026-05-01 05:15:11', '2026-05-01 05:15:11');
INSERT INTO `detail_produksis` (`id`, `produksi_id`, `bahan_baku_id`, `quantity_requested`, `quantity_approved`, `status`, `approved_by`, `approved_at`, `created_at`, `updated_at`) VALUES ('67', '35', '1', '36', '0', 'pending', NULL, NULL, '2026-05-01 05:15:11', '2026-05-01 05:15:11');
INSERT INTO `detail_produksis` (`id`, `produksi_id`, `bahan_baku_id`, `quantity_requested`, `quantity_approved`, `status`, `approved_by`, `approved_at`, `created_at`, `updated_at`) VALUES ('68', '35', '2', '18', '0', 'pending', NULL, NULL, '2026-05-01 05:15:11', '2026-05-01 05:15:11');
INSERT INTO `detail_produksis` (`id`, `produksi_id`, `bahan_baku_id`, `quantity_requested`, `quantity_approved`, `status`, `approved_by`, `approved_at`, `created_at`, `updated_at`) VALUES ('69', '36', '1', '38', '0', 'pending', NULL, NULL, '2026-05-01 05:15:11', '2026-05-01 05:15:11');
INSERT INTO `detail_produksis` (`id`, `produksi_id`, `bahan_baku_id`, `quantity_requested`, `quantity_approved`, `status`, `approved_by`, `approved_at`, `created_at`, `updated_at`) VALUES ('70', '36', '2', '19', '0', 'pending', NULL, NULL, '2026-05-01 05:15:11', '2026-05-01 05:15:11');
INSERT INTO `detail_produksis` (`id`, `produksi_id`, `bahan_baku_id`, `quantity_requested`, `quantity_approved`, `status`, `approved_by`, `approved_at`, `created_at`, `updated_at`) VALUES ('71', '37', '1', '40', '0', 'pending', NULL, NULL, '2026-05-01 05:15:11', '2026-05-01 05:15:11');
INSERT INTO `detail_produksis` (`id`, `produksi_id`, `bahan_baku_id`, `quantity_requested`, `quantity_approved`, `status`, `approved_by`, `approved_at`, `created_at`, `updated_at`) VALUES ('72', '37', '2', '20', '0', 'pending', NULL, NULL, '2026-05-01 05:15:11', '2026-05-01 05:15:11');
INSERT INTO `detail_produksis` (`id`, `produksi_id`, `bahan_baku_id`, `quantity_requested`, `quantity_approved`, `status`, `approved_by`, `approved_at`, `created_at`, `updated_at`) VALUES ('73', '38', '1', '12', '0', 'pending', NULL, NULL, '2026-05-01 05:15:11', '2026-05-01 05:15:11');
INSERT INTO `detail_produksis` (`id`, `produksi_id`, `bahan_baku_id`, `quantity_requested`, `quantity_approved`, `status`, `approved_by`, `approved_at`, `created_at`, `updated_at`) VALUES ('74', '38', '2', '6', '0', 'pending', NULL, NULL, '2026-05-01 05:15:11', '2026-05-01 05:15:11');
INSERT INTO `detail_produksis` (`id`, `produksi_id`, `bahan_baku_id`, `quantity_requested`, `quantity_approved`, `status`, `approved_by`, `approved_at`, `created_at`, `updated_at`) VALUES ('75', '39', '1', '14', '0', 'pending', NULL, NULL, '2026-05-01 05:15:11', '2026-05-01 05:15:11');
INSERT INTO `detail_produksis` (`id`, `produksi_id`, `bahan_baku_id`, `quantity_requested`, `quantity_approved`, `status`, `approved_by`, `approved_at`, `created_at`, `updated_at`) VALUES ('76', '39', '2', '7', '0', 'pending', NULL, NULL, '2026-05-01 05:15:11', '2026-05-01 05:15:11');
INSERT INTO `detail_produksis` (`id`, `produksi_id`, `bahan_baku_id`, `quantity_requested`, `quantity_approved`, `status`, `approved_by`, `approved_at`, `created_at`, `updated_at`) VALUES ('77', '40', '1', '16', '0', 'pending', NULL, NULL, '2026-05-01 05:15:11', '2026-05-01 05:15:11');
INSERT INTO `detail_produksis` (`id`, `produksi_id`, `bahan_baku_id`, `quantity_requested`, `quantity_approved`, `status`, `approved_by`, `approved_at`, `created_at`, `updated_at`) VALUES ('78', '40', '2', '8', '0', 'pending', NULL, NULL, '2026-05-01 05:15:11', '2026-05-01 05:15:11');

-- Dumping data for table: finance_categories
TRUNCATE TABLE `finance_categories`;
INSERT INTO `finance_categories` (`id`, `name`, `slug`, `type`, `description`, `created_at`, `updated_at`) VALUES ('1', 'Penjualan Produk', 'penjualan-produk', 'income', 'Pendapatan langsung dari penjualan produk toko.', '2026-04-30 18:12:57', '2026-04-30 18:12:57');
INSERT INTO `finance_categories` (`id`, `name`, `slug`, `type`, `description`, `created_at`, `updated_at`) VALUES ('2', 'Layanan Jasa', 'layanan-jasa', 'income', 'Pendapatan dari layanan jasa service atau konsultasi.', '2026-04-30 18:12:57', '2026-04-30 18:12:57');
INSERT INTO `finance_categories` (`id`, `name`, `slug`, `type`, `description`, `created_at`, `updated_at`) VALUES ('3', 'Investasi', 'investasi', 'income', 'Dividen atau bunga dari investasi modal.', '2026-04-30 18:12:57', '2026-04-30 18:12:57');
INSERT INTO `finance_categories` (`id`, `name`, `slug`, `type`, `description`, `created_at`, `updated_at`) VALUES ('4', 'Pendapatan Lain-lain', 'pendapatan-lain-lain', 'income', 'Pendapatan di luar operasional utama.', '2026-04-30 18:12:57', '2026-04-30 18:12:57');
INSERT INTO `finance_categories` (`id`, `name`, `slug`, `type`, `description`, `created_at`, `updated_at`) VALUES ('5', 'Gaji Karyawan', 'gaji-karyawan', 'expense', 'Biaya gaji bulanan dan tunjangan karyawan.', '2026-04-30 18:12:57', '2026-04-30 18:12:57');
INSERT INTO `finance_categories` (`id`, `name`, `slug`, `type`, `description`, `created_at`, `updated_at`) VALUES ('6', 'Sewa Gedung', 'sewa-gedung', 'expense', 'Biaya sewa toko atau gudang operasional.', '2026-04-30 18:12:57', '2026-04-30 18:12:57');
INSERT INTO `finance_categories` (`id`, `name`, `slug`, `type`, `description`, `created_at`, `updated_at`) VALUES ('7', 'Listrik & Air', 'listrik-air', 'expense', 'Tagihan utilitas bulanan.', '2026-04-30 18:12:57', '2026-04-30 18:12:57');
INSERT INTO `finance_categories` (`id`, `name`, `slug`, `type`, `description`, `created_at`, `updated_at`) VALUES ('8', 'Internet & Telepon', 'internet-telepon', 'expense', 'Biaya komunikasi dan koneksi internet.', '2026-04-30 18:12:57', '2026-04-30 18:12:57');
INSERT INTO `finance_categories` (`id`, `name`, `slug`, `type`, `description`, `created_at`, `updated_at`) VALUES ('9', 'Pemasaran & Iklan', 'pemasaran-iklan', 'expense', 'Biaya promosi, iklan sosial media, dan cetak.', '2026-04-30 18:12:57', '2026-04-30 18:12:57');
INSERT INTO `finance_categories` (`id`, `name`, `slug`, `type`, `description`, `created_at`, `updated_at`) VALUES ('10', 'Perawatan & Perbaikan', 'perawatan-perbaikan', 'expense', 'Biaya maintenance aset dan peralatan.', '2026-04-30 18:12:57', '2026-04-30 18:12:57');
INSERT INTO `finance_categories` (`id`, `name`, `slug`, `type`, `description`, `created_at`, `updated_at`) VALUES ('11', 'Transportasi & Logistik', 'transportasi-logistik', 'expense', 'Biaya bensin, pengiriman, dan perjalanan dinas.', '2026-04-30 18:12:57', '2026-04-30 18:12:57');
INSERT INTO `finance_categories` (`id`, `name`, `slug`, `type`, `description`, `created_at`, `updated_at`) VALUES ('12', 'Pembelian Stok', 'pembelian-stok', 'expense', 'Biaya pembelian barang dagangan (HPP).', '2026-04-30 18:12:57', '2026-04-30 18:12:57');

-- Dumping data for table: hasil_produksis
TRUNCATE TABLE `hasil_produksis`;
INSERT INTO `hasil_produksis` (`id`, `produksi_id`, `product_id`, `quantity_produced`, `quantity_defect`, `status`, `approved_by`, `approved_at`, `created_at`, `updated_at`) VALUES ('1', '2', '93', '11', '0', 'pending_gudang', NULL, NULL, '2026-05-01 05:13:52', '2026-05-01 05:13:52');
INSERT INTO `hasil_produksis` (`id`, `produksi_id`, `product_id`, `quantity_produced`, `quantity_defect`, `status`, `approved_by`, `approved_at`, `created_at`, `updated_at`) VALUES ('2', '3', '93', '12', '0', 'pending_gudang', NULL, NULL, '2026-05-01 05:13:52', '2026-05-01 05:13:52');
INSERT INTO `hasil_produksis` (`id`, `produksi_id`, `product_id`, `quantity_produced`, `quantity_defect`, `status`, `approved_by`, `approved_at`, `created_at`, `updated_at`) VALUES ('3', '4', '93', '13', '0', 'pending_gudang', NULL, NULL, '2026-05-01 05:13:52', '2026-05-01 05:13:52');
INSERT INTO `hasil_produksis` (`id`, `produksi_id`, `product_id`, `quantity_produced`, `quantity_defect`, `status`, `approved_by`, `approved_at`, `created_at`, `updated_at`) VALUES ('4', '15', '93', '11', '0', 'pending_gudang', NULL, NULL, '2026-05-01 05:14:42', '2026-05-01 05:14:42');
INSERT INTO `hasil_produksis` (`id`, `produksi_id`, `product_id`, `quantity_produced`, `quantity_defect`, `status`, `approved_by`, `approved_at`, `created_at`, `updated_at`) VALUES ('5', '16', '93', '12', '0', 'pending_gudang', NULL, NULL, '2026-05-01 05:14:42', '2026-05-01 05:14:42');
INSERT INTO `hasil_produksis` (`id`, `produksi_id`, `product_id`, `quantity_produced`, `quantity_defect`, `status`, `approved_by`, `approved_at`, `created_at`, `updated_at`) VALUES ('6', '17', '93', '13', '0', 'pending_gudang', NULL, NULL, '2026-05-01 05:14:42', '2026-05-01 05:14:42');
INSERT INTO `hasil_produksis` (`id`, `produksi_id`, `product_id`, `quantity_produced`, `quantity_defect`, `status`, `approved_by`, `approved_at`, `created_at`, `updated_at`) VALUES ('7', '28', '93', '11', '0', 'pending_gudang', NULL, NULL, '2026-05-01 05:15:11', '2026-05-01 05:15:11');
INSERT INTO `hasil_produksis` (`id`, `produksi_id`, `product_id`, `quantity_produced`, `quantity_defect`, `status`, `approved_by`, `approved_at`, `created_at`, `updated_at`) VALUES ('8', '29', '93', '12', '0', 'pending_gudang', NULL, NULL, '2026-05-01 05:15:11', '2026-05-01 05:15:11');
INSERT INTO `hasil_produksis` (`id`, `produksi_id`, `product_id`, `quantity_produced`, `quantity_defect`, `status`, `approved_by`, `approved_at`, `created_at`, `updated_at`) VALUES ('9', '30', '93', '13', '0', 'pending_gudang', NULL, NULL, '2026-05-01 05:15:11', '2026-05-01 05:15:11');

-- Dumping data for table: migrations
TRUNCATE TABLE `migrations`;
INSERT INTO `migrations` (`id`, `migration`, `batch`) VALUES ('1', '0001_01_01_000000_create_users_table', '1');
INSERT INTO `migrations` (`id`, `migration`, `batch`) VALUES ('2', '0001_01_01_000001_create_cache_table', '1');
INSERT INTO `migrations` (`id`, `migration`, `batch`) VALUES ('3', '0001_01_01_000002_create_jobs_table', '1');
INSERT INTO `migrations` (`id`, `migration`, `batch`) VALUES ('4', '2026_01_06_142223_create_customers_table', '1');
INSERT INTO `migrations` (`id`, `migration`, `batch`) VALUES ('5', '2026_01_07_023726_create_suppliers_table', '1');
INSERT INTO `migrations` (`id`, `migration`, `batch`) VALUES ('6', '2026_01_07_043653_create_units_table', '1');
INSERT INTO `migrations` (`id`, `migration`, `batch`) VALUES ('7', '2026_01_07_055728_create_categories_table', '1');
INSERT INTO `migrations` (`id`, `migration`, `batch`) VALUES ('8', '2026_01_07_062203_create_products_table', '1');
INSERT INTO `migrations` (`id`, `migration`, `batch`) VALUES ('9', '2026_01_07_062204_create_bahan_bakus_table', '1');
INSERT INTO `migrations` (`id`, `migration`, `batch`) VALUES ('10', '2026_01_07_081258_create_purchases_table', '1');
INSERT INTO `migrations` (`id`, `migration`, `batch`) VALUES ('11', '2026_01_07_081259_create_purchase_items_table', '1');
INSERT INTO `migrations` (`id`, `migration`, `batch`) VALUES ('12', '2026_01_08_030943_create_sales_table', '1');
INSERT INTO `migrations` (`id`, `migration`, `batch`) VALUES ('13', '2026_01_08_030944_create_sale_items_table', '1');
INSERT INTO `migrations` (`id`, `migration`, `batch`) VALUES ('14', '2026_02_02_072243_create_finance_categories_table', '1');
INSERT INTO `migrations` (`id`, `migration`, `batch`) VALUES ('15', '2026_02_02_102421_create_finance_transactions_table', '1');
INSERT INTO `migrations` (`id`, `migration`, `batch`) VALUES ('16', '2026_02_03_033839_create_settings_table', '1');
INSERT INTO `migrations` (`id`, `migration`, `batch`) VALUES ('17', '2026_02_03_124644_add_polymorphic_reference_to_finance_transactions_table', '1');
INSERT INTO `migrations` (`id`, `migration`, `batch`) VALUES ('18', '2026_02_19_064807_add_global_discount_to_sales_table', '1');
INSERT INTO `migrations` (`id`, `migration`, `batch`) VALUES ('19', '2026_05_01_004508_create_boms_table', '1');
INSERT INTO `migrations` (`id`, `migration`, `batch`) VALUES ('20', '2026_05_01_004509_create_produksis_tables', '1');
INSERT INTO `migrations` (`id`, `migration`, `batch`) VALUES ('21', '2026_05_01_004510_create_stock_movements_table', '1');
INSERT INTO `migrations` (`id`, `migration`, `batch`) VALUES ('22', '2026_05_01_004511_create_audit_logs_table', '1');

-- Dumping data for table: products
TRUNCATE TABLE `products`;
INSERT INTO `products` (`id`, `category_id`, `unit_id`, `sku`, `name`, `purchase_price`, `selling_price`, `quantity`, `min_stock`, `is_below_min_stock`, `is_active`, `description`, `notes`, `created_at`, `updated_at`, `deleted_at`) VALUES ('1', '1', '6', 'P.260430.RC3E', 'Semen Tiga Roda (50kg)', '59500', '70000', '97', '5', '0', '1', 'Stok tersedia untuk Semen Tiga Roda (50kg)', NULL, '2026-04-30 18:12:57', '2026-04-30 18:12:57', NULL);
INSERT INTO `products` (`id`, `category_id`, `unit_id`, `sku`, `name`, `purchase_price`, `selling_price`, `quantity`, `min_stock`, `is_below_min_stock`, `is_active`, `description`, `notes`, `created_at`, `updated_at`, `deleted_at`) VALUES ('2', '1', '6', 'P.260430.XMCB', 'Semen Dynamix (50kg)', '55250', '65000', '64', '5', '0', '1', 'Stok tersedia untuk Semen Dynamix (50kg)', NULL, '2026-04-30 18:12:57', '2026-04-30 18:12:57', NULL);
INSERT INTO `products` (`id`, `category_id`, `unit_id`, `sku`, `name`, `purchase_price`, `selling_price`, `quantity`, `min_stock`, `is_below_min_stock`, `is_active`, `description`, `notes`, `created_at`, `updated_at`, `deleted_at`) VALUES ('3', '1', '6', 'P.260430.YOCK', 'Semen Rajawali (50kg)', '50150', '59000', '24', '5', '0', '1', 'Stok tersedia untuk Semen Rajawali (50kg)', NULL, '2026-04-30 18:12:57', '2026-04-30 18:12:57', NULL);
INSERT INTO `products` (`id`, `category_id`, `unit_id`, `sku`, `name`, `purchase_price`, `selling_price`, `quantity`, `min_stock`, `is_below_min_stock`, `is_active`, `description`, `notes`, `created_at`, `updated_at`, `deleted_at`) VALUES ('4', '1', '6', 'P.260430.G35G', 'Semen Merdeka (50kg)', '45475', '53500', '19', '5', '0', '1', 'Stok tersedia untuk Semen Merdeka (50kg)', NULL, '2026-04-30 18:12:57', '2026-04-30 18:12:57', NULL);
INSERT INTO `products` (`id`, `category_id`, `unit_id`, `sku`, `name`, `purchase_price`, `selling_price`, `quantity`, `min_stock`, `is_below_min_stock`, `is_active`, `description`, `notes`, `created_at`, `updated_at`, `deleted_at`) VALUES ('5', '1', '6', 'P.260430.RYJF', 'Semen Best (50kg)', '44200', '52000', '52', '5', '0', '1', 'Stok tersedia untuk Semen Best (50kg)', NULL, '2026-04-30 18:12:57', '2026-04-30 18:12:57', NULL);
INSERT INTO `products` (`id`, `category_id`, `unit_id`, `sku`, `name`, `purchase_price`, `selling_price`, `quantity`, `min_stock`, `is_below_min_stock`, `is_active`, `description`, `notes`, `created_at`, `updated_at`, `deleted_at`) VALUES ('6', '1', '6', 'P.260430.JNKA', 'Acian TR-30 Tiga Roda (40kg)', '93500', '110000', '61', '5', '0', '1', 'Stok tersedia untuk Acian TR-30 Tiga Roda (40kg)', NULL, '2026-04-30 18:12:57', '2026-04-30 18:12:57', NULL);
INSERT INTO `products` (`id`, `category_id`, `unit_id`, `sku`, `name`, `purchase_price`, `selling_price`, `quantity`, `min_stock`, `is_below_min_stock`, `is_active`, `description`, `notes`, `created_at`, `updated_at`, `deleted_at`) VALUES ('7', '1', '6', 'P.260430.GMHS', 'Semen Putih Tiga Roda (40kg)', '93500', '110000', '16', '5', '0', '1', 'Stok tersedia untuk Semen Putih Tiga Roda (40kg)', NULL, '2026-04-30 18:12:57', '2026-04-30 18:12:57', NULL);
INSERT INTO `products` (`id`, `category_id`, `unit_id`, `sku`, `name`, `purchase_price`, `selling_price`, `quantity`, `min_stock`, `is_below_min_stock`, `is_active`, `description`, `notes`, `created_at`, `updated_at`, `deleted_at`) VALUES ('8', '1', '6', 'P.260430.I5TO', 'Semen Hebel SCG (40kg)', '55250', '65000', '15', '5', '0', '1', 'Stok tersedia untuk Semen Hebel SCG (40kg)', NULL, '2026-04-30 18:12:57', '2026-04-30 18:12:57', NULL);
INSERT INTO `products` (`id`, `category_id`, `unit_id`, `sku`, `name`, `purchase_price`, `selling_price`, `quantity`, `min_stock`, `is_below_min_stock`, `is_active`, `description`, `notes`, `created_at`, `updated_at`, `deleted_at`) VALUES ('9', '1', '6', 'P.260430.G6FA', 'Acian Plester Putih Maxson MC-270', '53125', '62500', '64', '5', '0', '1', 'Stok tersedia untuk Acian Plester Putih Maxson MC-270', NULL, '2026-04-30 18:12:57', '2026-04-30 18:12:57', NULL);
INSERT INTO `products` (`id`, `category_id`, `unit_id`, `sku`, `name`, `purchase_price`, `selling_price`, `quantity`, `min_stock`, `is_below_min_stock`, `is_active`, `description`, `notes`, `created_at`, `updated_at`, `deleted_at`) VALUES ('10', '1', '6', 'P.260430.6VCP', 'Casting / Tepung Gipsum (20kg)', '31450', '37000', '88', '5', '0', '1', 'Stok tersedia untuk Casting / Tepung Gipsum (20kg)', NULL, '2026-04-30 18:12:57', '2026-04-30 18:12:57', NULL);
INSERT INTO `products` (`id`, `category_id`, `unit_id`, `sku`, `name`, `purchase_price`, `selling_price`, `quantity`, `min_stock`, `is_below_min_stock`, `is_active`, `description`, `notes`, `created_at`, `updated_at`, `deleted_at`) VALUES ('11', '1', '6', 'P.260430.U1HM', 'Kapur Mill (20kg)', '15300', '18000', '97', '5', '0', '1', 'Stok tersedia untuk Kapur Mill (20kg)', NULL, '2026-04-30 18:12:57', '2026-04-30 18:12:57', NULL);
INSERT INTO `products` (`id`, `category_id`, `unit_id`, `sku`, `name`, `purchase_price`, `selling_price`, `quantity`, `min_stock`, `is_below_min_stock`, `is_active`, `description`, `notes`, `created_at`, `updated_at`, `deleted_at`) VALUES ('12', '1', '6', 'P.260430.YGSU', 'Kompon A+ (20kg)', '51000', '60000', '22', '5', '0', '1', 'Stok tersedia untuk Kompon A+ (20kg)', NULL, '2026-04-30 18:12:57', '2026-04-30 18:12:57', NULL);
INSERT INTO `products` (`id`, `category_id`, `unit_id`, `sku`, `name`, `purchase_price`, `selling_price`, `quantity`, `min_stock`, `is_below_min_stock`, `is_active`, `description`, `notes`, `created_at`, `updated_at`, `deleted_at`) VALUES ('13', '1', '6', 'P.260430.VE0X', 'TR-15 Tiga Roda Perekat Hebel (40kg)', '68000', '80000', '65', '5', '0', '1', 'Stok tersedia untuk TR-15 Tiga Roda Perekat Hebel (40kg)', NULL, '2026-04-30 18:12:57', '2026-04-30 18:12:57', NULL);
INSERT INTO `products` (`id`, `category_id`, `unit_id`, `sku`, `name`, `purchase_price`, `selling_price`, `quantity`, `min_stock`, `is_below_min_stock`, `is_active`, `description`, `notes`, `created_at`, `updated_at`, `deleted_at`) VALUES ('14', '1', '6', 'P.260430.1WPF', 'TR-20 Tiga Roda Plester Hebel (40kg)', '68000', '80000', '43', '5', '0', '1', 'Stok tersedia untuk TR-20 Tiga Roda Plester Hebel (40kg)', NULL, '2026-04-30 18:12:57', '2026-04-30 18:12:57', NULL);
INSERT INTO `products` (`id`, `category_id`, `unit_id`, `sku`, `name`, `purchase_price`, `selling_price`, `quantity`, `min_stock`, `is_below_min_stock`, `is_active`, `description`, `notes`, `created_at`, `updated_at`, `deleted_at`) VALUES ('15', '1', '6', 'P.260430.QEN3', 'MU-301 Tiga Roda Plester Hebel (40kg)', '82450', '97000', '27', '5', '0', '1', 'Stok tersedia untuk MU-301 Tiga Roda Plester Hebel (40kg)', NULL, '2026-04-30 18:12:57', '2026-04-30 18:12:57', NULL);
INSERT INTO `products` (`id`, `category_id`, `unit_id`, `sku`, `name`, `purchase_price`, `selling_price`, `quantity`, `min_stock`, `is_below_min_stock`, `is_active`, `description`, `notes`, `created_at`, `updated_at`, `deleted_at`) VALUES ('16', '1', '9', 'P.260430.EMJE', 'Pasir Jumbo (1 Truk)', '935000', '1100000', '38', '5', '0', '1', 'Stok tersedia untuk Pasir Jumbo (1 Truk)', NULL, '2026-04-30 18:12:57', '2026-04-30 18:12:57', NULL);
INSERT INTO `products` (`id`, `category_id`, `unit_id`, `sku`, `name`, `purchase_price`, `selling_price`, `quantity`, `min_stock`, `is_below_min_stock`, `is_active`, `description`, `notes`, `created_at`, `updated_at`, `deleted_at`) VALUES ('17', '1', '9', 'P.260430.S8RA', 'Pasir Cor (1 Truk)', '1147500', '1350000', '47', '5', '0', '1', 'Stok tersedia untuk Pasir Cor (1 Truk)', NULL, '2026-04-30 18:12:57', '2026-04-30 18:12:57', NULL);
INSERT INTO `products` (`id`, `category_id`, `unit_id`, `sku`, `name`, `purchase_price`, `selling_price`, `quantity`, `min_stock`, `is_below_min_stock`, `is_active`, `description`, `notes`, `created_at`, `updated_at`, `deleted_at`) VALUES ('18', '1', '9', 'P.260430.C1S8', 'Pasir Cuci (1 Truk)', '1275000', '1500000', '60', '5', '0', '1', 'Stok tersedia untuk Pasir Cuci (1 Truk)', NULL, '2026-04-30 18:12:57', '2026-04-30 18:12:57', NULL);
INSERT INTO `products` (`id`, `category_id`, `unit_id`, `sku`, `name`, `purchase_price`, `selling_price`, `quantity`, `min_stock`, `is_below_min_stock`, `is_active`, `description`, `notes`, `created_at`, `updated_at`, `deleted_at`) VALUES ('19', '1', '9', 'P.260430.EVR3', 'Batu Pondasi Hitam (1 Truk)', '1020000', '1200000', '46', '5', '0', '1', 'Stok tersedia untuk Batu Pondasi Hitam (1 Truk)', NULL, '2026-04-30 18:12:57', '2026-04-30 18:12:57', NULL);
INSERT INTO `products` (`id`, `category_id`, `unit_id`, `sku`, `name`, `purchase_price`, `selling_price`, `quantity`, `min_stock`, `is_below_min_stock`, `is_active`, `description`, `notes`, `created_at`, `updated_at`, `deleted_at`) VALUES ('20', '1', '9', 'P.260430.Q5P0', 'Batu Pondasi Putih (1 Truk)', '765000', '900000', '90', '5', '0', '1', 'Stok tersedia untuk Batu Pondasi Putih (1 Truk)', NULL, '2026-04-30 18:12:57', '2026-04-30 18:12:57', NULL);
INSERT INTO `products` (`id`, `category_id`, `unit_id`, `sku`, `name`, `purchase_price`, `selling_price`, `quantity`, `min_stock`, `is_below_min_stock`, `is_active`, `description`, `notes`, `created_at`, `updated_at`, `deleted_at`) VALUES ('21', '1', '9', 'P.260430.UD1A', 'Batu Split - Rata Bak', '1530000', '1800000', '99', '5', '0', '1', 'Stok tersedia untuk Batu Split - Rata Bak', NULL, '2026-04-30 18:12:57', '2026-04-30 18:12:57', NULL);
INSERT INTO `products` (`id`, `category_id`, `unit_id`, `sku`, `name`, `purchase_price`, `selling_price`, `quantity`, `min_stock`, `is_below_min_stock`, `is_active`, `description`, `notes`, `created_at`, `updated_at`, `deleted_at`) VALUES ('22', '1', '9', 'P.260430.MEHS', 'Batu Split - Full Bak', '1700000', '2000000', '40', '5', '0', '1', 'Stok tersedia untuk Batu Split - Full Bak', NULL, '2026-04-30 18:12:57', '2026-04-30 18:12:57', NULL);
INSERT INTO `products` (`id`, `category_id`, `unit_id`, `sku`, `name`, `purchase_price`, `selling_price`, `quantity`, `min_stock`, `is_below_min_stock`, `is_active`, `description`, `notes`, `created_at`, `updated_at`, `deleted_at`) VALUES ('23', '1', '9', 'P.260430.E61S', 'Sirtu Urug (1 Truk)', '595000', '700000', '39', '5', '0', '1', 'Stok tersedia untuk Sirtu Urug (1 Truk)', NULL, '2026-04-30 18:12:57', '2026-04-30 18:12:57', NULL);
INSERT INTO `products` (`id`, `category_id`, `unit_id`, `sku`, `name`, `purchase_price`, `selling_price`, `quantity`, `min_stock`, `is_below_min_stock`, `is_active`, `description`, `notes`, `created_at`, `updated_at`, `deleted_at`) VALUES ('24', '1', '9', 'P.260430.NNJP', 'Tanah Urug (1 Truk)', '467500', '550000', '88', '5', '0', '1', 'Stok tersedia untuk Tanah Urug (1 Truk)', NULL, '2026-04-30 18:12:57', '2026-04-30 18:12:57', NULL);
INSERT INTO `products` (`id`, `category_id`, `unit_id`, `sku`, `name`, `purchase_price`, `selling_price`, `quantity`, `min_stock`, `is_below_min_stock`, `is_active`, `description`, `notes`, `created_at`, `updated_at`, `deleted_at`) VALUES ('25', '1', '1', 'P.260430.PL8A', 'Bata (K) - Kecil', '638', '750', '38', '5', '0', '1', 'Stok tersedia untuk Bata (K) - Kecil', NULL, '2026-04-30 18:12:57', '2026-04-30 18:12:57', NULL);
INSERT INTO `products` (`id`, `category_id`, `unit_id`, `sku`, `name`, `purchase_price`, `selling_price`, `quantity`, `min_stock`, `is_below_min_stock`, `is_active`, `description`, `notes`, `created_at`, `updated_at`, `deleted_at`) VALUES ('26', '1', '1', 'P.260430.4NUC', 'Bata (S) - Sedang', '808', '950', '75', '5', '0', '1', 'Stok tersedia untuk Bata (S) - Sedang', NULL, '2026-04-30 18:12:57', '2026-04-30 18:12:57', NULL);
INSERT INTO `products` (`id`, `category_id`, `unit_id`, `sku`, `name`, `purchase_price`, `selling_price`, `quantity`, `min_stock`, `is_below_min_stock`, `is_active`, `description`, `notes`, `created_at`, `updated_at`, `deleted_at`) VALUES ('27', '1', '1', 'P.260430.2U3P', 'Bata (B) - Besar', '850', '1000', '74', '5', '0', '1', 'Stok tersedia untuk Bata (B) - Besar', NULL, '2026-04-30 18:12:57', '2026-04-30 18:12:57', NULL);
INSERT INTO `products` (`id`, `category_id`, `unit_id`, `sku`, `name`, `purchase_price`, `selling_price`, `quantity`, `min_stock`, `is_below_min_stock`, `is_active`, `description`, `notes`, `created_at`, `updated_at`, `deleted_at`) VALUES ('28', '2', '5', 'P.260430.STQQ', 'Triplek 3mm Tunas', '39100', '46000', '16', '5', '0', '1', 'Stok tersedia untuk Triplek 3mm Tunas', NULL, '2026-04-30 18:12:57', '2026-04-30 18:12:57', NULL);
INSERT INTO `products` (`id`, `category_id`, `unit_id`, `sku`, `name`, `purchase_price`, `selling_price`, `quantity`, `min_stock`, `is_below_min_stock`, `is_active`, `description`, `notes`, `created_at`, `updated_at`, `deleted_at`) VALUES ('29', '2', '5', 'P.260430.RLKM', 'Triplek 4mm Tunas', '45475', '53500', '72', '5', '0', '1', 'Stok tersedia untuk Triplek 4mm Tunas', NULL, '2026-04-30 18:12:57', '2026-04-30 18:12:57', NULL);
INSERT INTO `products` (`id`, `category_id`, `unit_id`, `sku`, `name`, `purchase_price`, `selling_price`, `quantity`, `min_stock`, `is_below_min_stock`, `is_active`, `description`, `notes`, `created_at`, `updated_at`, `deleted_at`) VALUES ('30', '2', '5', 'P.260430.QO77', 'Triplek 6mm Tunas', '57375', '67500', '80', '5', '0', '1', 'Stok tersedia untuk Triplek 6mm Tunas', NULL, '2026-04-30 18:12:57', '2026-04-30 18:12:57', NULL);
INSERT INTO `products` (`id`, `category_id`, `unit_id`, `sku`, `name`, `purchase_price`, `selling_price`, `quantity`, `min_stock`, `is_below_min_stock`, `is_active`, `description`, `notes`, `created_at`, `updated_at`, `deleted_at`) VALUES ('31', '2', '5', 'P.260430.K1AX', 'Triplek 6mm MC', '80750', '95000', '57', '5', '0', '1', 'Stok tersedia untuk Triplek 6mm MC', NULL, '2026-04-30 18:12:57', '2026-04-30 18:12:57', NULL);
INSERT INTO `products` (`id`, `category_id`, `unit_id`, `sku`, `name`, `purchase_price`, `selling_price`, `quantity`, `min_stock`, `is_below_min_stock`, `is_active`, `description`, `notes`, `created_at`, `updated_at`, `deleted_at`) VALUES ('32', '2', '5', 'P.260430.6SSQ', 'Triplek 8mm MC', '69700', '82000', '91', '5', '0', '1', 'Stok tersedia untuk Triplek 8mm MC', NULL, '2026-04-30 18:12:57', '2026-04-30 18:12:57', NULL);
INSERT INTO `products` (`id`, `category_id`, `unit_id`, `sku`, `name`, `purchase_price`, `selling_price`, `quantity`, `min_stock`, `is_below_min_stock`, `is_active`, `description`, `notes`, `created_at`, `updated_at`, `deleted_at`) VALUES ('33', '2', '5', 'P.260430.O4PV', 'Triplek 12mm MC', '114750', '135000', '33', '5', '0', '1', 'Stok tersedia untuk Triplek 12mm MC', NULL, '2026-04-30 18:12:57', '2026-04-30 18:12:57', NULL);
INSERT INTO `products` (`id`, `category_id`, `unit_id`, `sku`, `name`, `purchase_price`, `selling_price`, `quantity`, `min_stock`, `is_below_min_stock`, `is_active`, `description`, `notes`, `created_at`, `updated_at`, `deleted_at`) VALUES ('34', '2', '5', 'P.260430.99CY', 'Triplek 18mm MC', '178500', '210000', '11', '5', '0', '1', 'Stok tersedia untuk Triplek 18mm MC', NULL, '2026-04-30 18:12:57', '2026-04-30 18:12:57', NULL);
INSERT INTO `products` (`id`, `category_id`, `unit_id`, `sku`, `name`, `purchase_price`, `selling_price`, `quantity`, `min_stock`, `is_below_min_stock`, `is_active`, `description`, `notes`, `created_at`, `updated_at`, `deleted_at`) VALUES ('35', '2', '5', 'P.260430.HBXV', 'Triplek 9mm UT Better', '111350', '131000', '45', '5', '0', '1', 'Stok tersedia untuk Triplek 9mm UT Better', NULL, '2026-04-30 18:12:57', '2026-04-30 18:12:57', NULL);
INSERT INTO `products` (`id`, `category_id`, `unit_id`, `sku`, `name`, `purchase_price`, `selling_price`, `quantity`, `min_stock`, `is_below_min_stock`, `is_active`, `description`, `notes`, `created_at`, `updated_at`, `deleted_at`) VALUES ('36', '2', '5', 'P.260430.WAB9', 'Triplek 12mm UT Better', '136000', '160000', '65', '5', '0', '1', 'Stok tersedia untuk Triplek 12mm UT Better', NULL, '2026-04-30 18:12:57', '2026-04-30 18:12:57', NULL);
INSERT INTO `products` (`id`, `category_id`, `unit_id`, `sku`, `name`, `purchase_price`, `selling_price`, `quantity`, `min_stock`, `is_below_min_stock`, `is_active`, `description`, `notes`, `created_at`, `updated_at`, `deleted_at`) VALUES ('37', '2', '5', 'P.260430.CKTP', 'Triplek 15mm UT Better', '158950', '187000', '18', '5', '0', '1', 'Stok tersedia untuk Triplek 15mm UT Better', NULL, '2026-04-30 18:12:57', '2026-04-30 18:12:57', NULL);
INSERT INTO `products` (`id`, `category_id`, `unit_id`, `sku`, `name`, `purchase_price`, `selling_price`, `quantity`, `min_stock`, `is_below_min_stock`, `is_active`, `description`, `notes`, `created_at`, `updated_at`, `deleted_at`) VALUES ('38', '2', '5', 'P.260430.7UUF', 'Triplek 18mm UT Better', '195500', '230000', '23', '5', '0', '1', 'Stok tersedia untuk Triplek 18mm UT Better', NULL, '2026-04-30 18:12:57', '2026-04-30 18:12:57', NULL);
INSERT INTO `products` (`id`, `category_id`, `unit_id`, `sku`, `name`, `purchase_price`, `selling_price`, `quantity`, `min_stock`, `is_below_min_stock`, `is_active`, `description`, `notes`, `created_at`, `updated_at`, `deleted_at`) VALUES ('39', '2', '5', 'P.260430.5P94', 'Triplek 3mm Alba', '36125', '42500', '67', '5', '0', '1', 'Stok tersedia untuk Triplek 3mm Alba', NULL, '2026-04-30 18:12:57', '2026-04-30 18:12:57', NULL);
INSERT INTO `products` (`id`, `category_id`, `unit_id`, `sku`, `name`, `purchase_price`, `selling_price`, `quantity`, `min_stock`, `is_below_min_stock`, `is_active`, `description`, `notes`, `created_at`, `updated_at`, `deleted_at`) VALUES ('40', '2', '5', 'P.260430.WO5C', 'Triplek 4mm Alba', '44625', '52500', '69', '5', '0', '1', 'Stok tersedia untuk Triplek 4mm Alba', NULL, '2026-04-30 18:12:57', '2026-04-30 18:12:57', NULL);
INSERT INTO `products` (`id`, `category_id`, `unit_id`, `sku`, `name`, `purchase_price`, `selling_price`, `quantity`, `min_stock`, `is_below_min_stock`, `is_active`, `description`, `notes`, `created_at`, `updated_at`, `deleted_at`) VALUES ('41', '2', '5', 'P.260430.RDFL', 'Triplek Melaminto Putih 3mm', '108375', '127500', '27', '5', '0', '1', 'Stok tersedia untuk Triplek Melaminto Putih 3mm', NULL, '2026-04-30 18:12:57', '2026-04-30 18:12:57', NULL);
INSERT INTO `products` (`id`, `category_id`, `unit_id`, `sku`, `name`, `purchase_price`, `selling_price`, `quantity`, `min_stock`, `is_below_min_stock`, `is_active`, `description`, `notes`, `created_at`, `updated_at`, `deleted_at`) VALUES ('42', '2', '5', 'P.260430.Z5U6', 'Triplek 15mm X Brasi', '174250', '205000', '11', '5', '0', '1', 'Stok tersedia untuk Triplek 15mm X Brasi', NULL, '2026-04-30 18:12:57', '2026-04-30 18:12:57', NULL);
INSERT INTO `products` (`id`, `category_id`, `unit_id`, `sku`, `name`, `purchase_price`, `selling_price`, `quantity`, `min_stock`, `is_below_min_stock`, `is_active`, `description`, `notes`, `created_at`, `updated_at`, `deleted_at`) VALUES ('43', '2', '1', 'P.260430.HBFB', 'Terpal 2x3', '34000', '40000', '61', '5', '0', '1', 'Stok tersedia untuk Terpal 2x3', NULL, '2026-04-30 18:12:57', '2026-04-30 18:12:57', NULL);
INSERT INTO `products` (`id`, `category_id`, `unit_id`, `sku`, `name`, `purchase_price`, `selling_price`, `quantity`, `min_stock`, `is_below_min_stock`, `is_active`, `description`, `notes`, `created_at`, `updated_at`, `deleted_at`) VALUES ('44', '2', '1', 'P.260430.UWSY', 'Terpal 3x3', '51000', '60000', '29', '5', '0', '1', 'Stok tersedia untuk Terpal 3x3', NULL, '2026-04-30 18:12:57', '2026-04-30 18:12:57', NULL);
INSERT INTO `products` (`id`, `category_id`, `unit_id`, `sku`, `name`, `purchase_price`, `selling_price`, `quantity`, `min_stock`, `is_below_min_stock`, `is_active`, `description`, `notes`, `created_at`, `updated_at`, `deleted_at`) VALUES ('45', '2', '1', 'P.260430.IQBC', 'Terpal 4x4', '79900', '94000', '64', '5', '0', '1', 'Stok tersedia untuk Terpal 4x4', NULL, '2026-04-30 18:12:57', '2026-04-30 18:12:57', NULL);
INSERT INTO `products` (`id`, `category_id`, `unit_id`, `sku`, `name`, `purchase_price`, `selling_price`, `quantity`, `min_stock`, `is_below_min_stock`, `is_active`, `description`, `notes`, `created_at`, `updated_at`, `deleted_at`) VALUES ('46', '2', '1', 'P.260430.XZRX', 'Terpal 4x6', '116875', '137500', '17', '5', '0', '1', 'Stok tersedia untuk Terpal 4x6', NULL, '2026-04-30 18:12:57', '2026-04-30 18:12:57', NULL);
INSERT INTO `products` (`id`, `category_id`, `unit_id`, `sku`, `name`, `purchase_price`, `selling_price`, `quantity`, `min_stock`, `is_below_min_stock`, `is_active`, `description`, `notes`, `created_at`, `updated_at`, `deleted_at`) VALUES ('47', '2', '1', 'P.260430.GNAT', 'Terpal 5x7', '165750', '195000', '21', '5', '0', '1', 'Stok tersedia untuk Terpal 5x7', NULL, '2026-04-30 18:12:57', '2026-04-30 18:12:57', NULL);
INSERT INTO `products` (`id`, `category_id`, `unit_id`, `sku`, `name`, `purchase_price`, `selling_price`, `quantity`, `min_stock`, `is_below_min_stock`, `is_active`, `description`, `notes`, `created_at`, `updated_at`, `deleted_at`) VALUES ('48', '2', '1', 'P.260430.LA8C', 'Terpal 5x6', '178500', '210000', '79', '5', '0', '1', 'Stok tersedia untuk Terpal 5x6', NULL, '2026-04-30 18:12:57', '2026-04-30 18:12:57', NULL);
INSERT INTO `products` (`id`, `category_id`, `unit_id`, `sku`, `name`, `purchase_price`, `selling_price`, `quantity`, `min_stock`, `is_below_min_stock`, `is_active`, `description`, `notes`, `created_at`, `updated_at`, `deleted_at`) VALUES ('49', '4', '7', 'P.260430.KGFV', 'Kuku Macan Fujimi (Dus)', '106250', '125000', '11', '5', '0', '1', 'Stok tersedia untuk Kuku Macan Fujimi (Dus)', NULL, '2026-04-30 18:12:57', '2026-04-30 18:12:57', NULL);
INSERT INTO `products` (`id`, `category_id`, `unit_id`, `sku`, `name`, `purchase_price`, `selling_price`, `quantity`, `min_stock`, `is_below_min_stock`, `is_active`, `description`, `notes`, `created_at`, `updated_at`, `deleted_at`) VALUES ('50', '4', '3', 'P.260430.QZKS', 'Kuku Macan Fujimi (Meter)', '6375', '7500', '14', '5', '0', '1', 'Stok tersedia untuk Kuku Macan Fujimi (Meter)', NULL, '2026-04-30 18:12:57', '2026-04-30 18:12:57', NULL);
INSERT INTO `products` (`id`, `category_id`, `unit_id`, `sku`, `name`, `purchase_price`, `selling_price`, `quantity`, `min_stock`, `is_below_min_stock`, `is_active`, `description`, `notes`, `created_at`, `updated_at`, `deleted_at`) VALUES ('51', '4', '7', 'P.260430.VE7G', 'Kuku Macan Viva (Dus)', '63750', '75000', '85', '5', '0', '1', 'Stok tersedia untuk Kuku Macan Viva (Dus)', NULL, '2026-04-30 18:12:57', '2026-04-30 18:12:57', NULL);
INSERT INTO `products` (`id`, `category_id`, `unit_id`, `sku`, `name`, `purchase_price`, `selling_price`, `quantity`, `min_stock`, `is_below_min_stock`, `is_active`, `description`, `notes`, `created_at`, `updated_at`, `deleted_at`) VALUES ('52', '4', '3', 'P.260430.KVWD', 'Kuku Macan Viva (Meter)', '4250', '5000', '80', '5', '0', '1', 'Stok tersedia untuk Kuku Macan Viva (Meter)', NULL, '2026-04-30 18:12:57', '2026-04-30 18:12:57', NULL);
INSERT INTO `products` (`id`, `category_id`, `unit_id`, `sku`, `name`, `purchase_price`, `selling_price`, `quantity`, `min_stock`, `is_below_min_stock`, `is_active`, `description`, `notes`, `created_at`, `updated_at`, `deleted_at`) VALUES ('53', '4', '7', 'P.260430.7HOT', 'Kuku Macan Marbel KW (Dus)', '140250', '165000', '88', '5', '0', '1', 'Stok tersedia untuk Kuku Macan Marbel KW (Dus)', NULL, '2026-04-30 18:12:57', '2026-04-30 18:12:57', NULL);
INSERT INTO `products` (`id`, `category_id`, `unit_id`, `sku`, `name`, `purchase_price`, `selling_price`, `quantity`, `min_stock`, `is_below_min_stock`, `is_active`, `description`, `notes`, `created_at`, `updated_at`, `deleted_at`) VALUES ('54', '4', '3', 'P.260430.SFML', 'Kuku Macan Marbel KW (Meter)', '8500', '10000', '93', '5', '0', '1', 'Stok tersedia untuk Kuku Macan Marbel KW (Meter)', NULL, '2026-04-30 18:12:57', '2026-04-30 18:12:57', NULL);
INSERT INTO `products` (`id`, `category_id`, `unit_id`, `sku`, `name`, `purchase_price`, `selling_price`, `quantity`, `min_stock`, `is_below_min_stock`, `is_active`, `description`, `notes`, `created_at`, `updated_at`, `deleted_at`) VALUES ('55', '4', '7', 'P.260430.SAKD', 'Kuku Macan Silver/Gold (Dus)', '140250', '165000', '31', '5', '0', '1', 'Stok tersedia untuk Kuku Macan Silver/Gold (Dus)', NULL, '2026-04-30 18:12:57', '2026-04-30 18:12:57', NULL);
INSERT INTO `products` (`id`, `category_id`, `unit_id`, `sku`, `name`, `purchase_price`, `selling_price`, `quantity`, `min_stock`, `is_below_min_stock`, `is_active`, `description`, `notes`, `created_at`, `updated_at`, `deleted_at`) VALUES ('56', '4', '3', 'P.260430.C301', 'Kuku Macan Silver/Gold (Meter)', '8500', '10000', '74', '5', '0', '1', 'Stok tersedia untuk Kuku Macan Silver/Gold (Meter)', NULL, '2026-04-30 18:12:57', '2026-04-30 18:12:57', NULL);
INSERT INTO `products` (`id`, `category_id`, `unit_id`, `sku`, `name`, `purchase_price`, `selling_price`, `quantity`, `min_stock`, `is_below_min_stock`, `is_active`, `description`, `notes`, `created_at`, `updated_at`, `deleted_at`) VALUES ('57', '3', '6', 'P.260430.XU4L', 'Lemkra 5kg 101 (Pasang Kramik)', '34000', '40000', '75', '5', '0', '1', 'Stok tersedia untuk Lemkra 5kg 101 (Pasang Kramik)', NULL, '2026-04-30 18:12:57', '2026-04-30 18:12:57', NULL);
INSERT INTO `products` (`id`, `category_id`, `unit_id`, `sku`, `name`, `purchase_price`, `selling_price`, `quantity`, `min_stock`, `is_below_min_stock`, `is_active`, `description`, `notes`, `created_at`, `updated_at`, `deleted_at`) VALUES ('58', '3', '6', 'P.260430.J6YT', 'Lemkra 5kg 111 (Dinding)', '38250', '45000', '66', '5', '0', '1', 'Stok tersedia untuk Lemkra 5kg 111 (Dinding)', NULL, '2026-04-30 18:12:57', '2026-04-30 18:12:57', NULL);
INSERT INTO `products` (`id`, `category_id`, `unit_id`, `sku`, `name`, `purchase_price`, `selling_price`, `quantity`, `min_stock`, `is_below_min_stock`, `is_active`, `description`, `notes`, `created_at`, `updated_at`, `deleted_at`) VALUES ('59', '3', '6', 'P.260430.ZJHL', 'Lemkra 5kg 105 (Beton)', '59500', '70000', '29', '5', '0', '1', 'Stok tersedia untuk Lemkra 5kg 105 (Beton)', NULL, '2026-04-30 18:12:57', '2026-04-30 18:12:57', NULL);
INSERT INTO `products` (`id`, `category_id`, `unit_id`, `sku`, `name`, `purchase_price`, `selling_price`, `quantity`, `min_stock`, `is_below_min_stock`, `is_active`, `description`, `notes`, `created_at`, `updated_at`, `deleted_at`) VALUES ('60', '2', '4', 'P.260430.J6UB', 'Lis Gipsum 13cm - Mata Sapi', '14025', '16500', '89', '5', '0', '1', 'Stok tersedia untuk Lis Gipsum 13cm - Mata Sapi', NULL, '2026-04-30 18:12:57', '2026-04-30 18:12:57', NULL);
INSERT INTO `products` (`id`, `category_id`, `unit_id`, `sku`, `name`, `purchase_price`, `selling_price`, `quantity`, `min_stock`, `is_below_min_stock`, `is_active`, `description`, `notes`, `created_at`, `updated_at`, `deleted_at`) VALUES ('61', '2', '4', 'P.260430.V92W', 'Lis Gipsum 13cm - Mawar Besar', '14025', '16500', '88', '5', '0', '1', 'Stok tersedia untuk Lis Gipsum 13cm - Mawar Besar', NULL, '2026-04-30 18:12:57', '2026-04-30 18:12:57', NULL);
INSERT INTO `products` (`id`, `category_id`, `unit_id`, `sku`, `name`, `purchase_price`, `selling_price`, `quantity`, `min_stock`, `is_below_min_stock`, `is_active`, `description`, `notes`, `created_at`, `updated_at`, `deleted_at`) VALUES ('62', '2', '4', 'P.260430.7XB1', 'Lis Gipsum 13cm - Tombak Besar', '14025', '16500', '35', '5', '0', '1', 'Stok tersedia untuk Lis Gipsum 13cm - Tombak Besar', NULL, '2026-04-30 18:12:57', '2026-04-30 18:12:57', NULL);
INSERT INTO `products` (`id`, `category_id`, `unit_id`, `sku`, `name`, `purchase_price`, `selling_price`, `quantity`, `min_stock`, `is_below_min_stock`, `is_active`, `description`, `notes`, `created_at`, `updated_at`, `deleted_at`) VALUES ('63', '2', '4', 'P.260430.Z462', 'Lis Gipsum 12cm - Minimalis Besar', '12750', '15000', '100', '5', '0', '1', 'Stok tersedia untuk Lis Gipsum 12cm - Minimalis Besar', NULL, '2026-04-30 18:12:57', '2026-04-30 18:12:57', NULL);
INSERT INTO `products` (`id`, `category_id`, `unit_id`, `sku`, `name`, `purchase_price`, `selling_price`, `quantity`, `min_stock`, `is_below_min_stock`, `is_active`, `description`, `notes`, `created_at`, `updated_at`, `deleted_at`) VALUES ('64', '2', '4', 'P.260430.0FSK', 'Lis Gipsum 12cm - Kangkung', '12750', '15000', '18', '5', '0', '1', 'Stok tersedia untuk Lis Gipsum 12cm - Kangkung', NULL, '2026-04-30 18:12:57', '2026-04-30 18:12:57', NULL);
INSERT INTO `products` (`id`, `category_id`, `unit_id`, `sku`, `name`, `purchase_price`, `selling_price`, `quantity`, `min_stock`, `is_below_min_stock`, `is_active`, `description`, `notes`, `created_at`, `updated_at`, `deleted_at`) VALUES ('65', '2', '4', 'P.260430.1WAD', 'Lis Gipsum 12cm - Kupat', '12750', '15000', '16', '5', '0', '1', 'Stok tersedia untuk Lis Gipsum 12cm - Kupat', NULL, '2026-04-30 18:12:57', '2026-04-30 18:12:57', NULL);
INSERT INTO `products` (`id`, `category_id`, `unit_id`, `sku`, `name`, `purchase_price`, `selling_price`, `quantity`, `min_stock`, `is_below_min_stock`, `is_active`, `description`, `notes`, `created_at`, `updated_at`, `deleted_at`) VALUES ('66', '2', '4', 'P.260430.E6C4', 'Lis Gipsum 12cm - Bendera', '12750', '15000', '10', '5', '0', '1', 'Stok tersedia untuk Lis Gipsum 12cm - Bendera', NULL, '2026-04-30 18:12:57', '2026-04-30 18:12:57', NULL);
INSERT INTO `products` (`id`, `category_id`, `unit_id`, `sku`, `name`, `purchase_price`, `selling_price`, `quantity`, `min_stock`, `is_below_min_stock`, `is_active`, `description`, `notes`, `created_at`, `updated_at`, `deleted_at`) VALUES ('67', '2', '4', 'P.260430.2ALY', 'Lis Gipsum 8cm - Minimalis Kecil', '11050', '13000', '81', '5', '0', '1', 'Stok tersedia untuk Lis Gipsum 8cm - Minimalis Kecil', NULL, '2026-04-30 18:12:57', '2026-04-30 18:12:57', NULL);
INSERT INTO `products` (`id`, `category_id`, `unit_id`, `sku`, `name`, `purchase_price`, `selling_price`, `quantity`, `min_stock`, `is_below_min_stock`, `is_active`, `description`, `notes`, `created_at`, `updated_at`, `deleted_at`) VALUES ('68', '2', '4', 'P.260430.UU2F', 'Lis Gipsum 8cm - Renda', '11050', '13000', '23', '5', '0', '1', 'Stok tersedia untuk Lis Gipsum 8cm - Renda', NULL, '2026-04-30 18:12:57', '2026-04-30 18:12:57', NULL);
INSERT INTO `products` (`id`, `category_id`, `unit_id`, `sku`, `name`, `purchase_price`, `selling_price`, `quantity`, `min_stock`, `is_below_min_stock`, `is_active`, `description`, `notes`, `created_at`, `updated_at`, `deleted_at`) VALUES ('69', '2', '4', 'P.260430.HUIW', 'Lis Gipsum 8cm - Piano', '11050', '13000', '28', '5', '0', '1', 'Stok tersedia untuk Lis Gipsum 8cm - Piano', NULL, '2026-04-30 18:12:57', '2026-04-30 18:12:57', NULL);
INSERT INTO `products` (`id`, `category_id`, `unit_id`, `sku`, `name`, `purchase_price`, `selling_price`, `quantity`, `min_stock`, `is_below_min_stock`, `is_active`, `description`, `notes`, `created_at`, `updated_at`, `deleted_at`) VALUES ('70', '2', '4', 'P.260430.SHO8', 'Lis Biding 5cm - Polos Kecil', '11050', '13000', '70', '5', '0', '1', 'Stok tersedia untuk Lis Biding 5cm - Polos Kecil', NULL, '2026-04-30 18:12:57', '2026-04-30 18:12:57', NULL);
INSERT INTO `products` (`id`, `category_id`, `unit_id`, `sku`, `name`, `purchase_price`, `selling_price`, `quantity`, `min_stock`, `is_below_min_stock`, `is_active`, `description`, `notes`, `created_at`, `updated_at`, `deleted_at`) VALUES ('71', '2', '4', 'P.260430.OGZP', 'Lis Biding 5cm - Tambang', '11050', '13000', '95', '5', '0', '1', 'Stok tersedia untuk Lis Biding 5cm - Tambang', NULL, '2026-04-30 18:12:57', '2026-04-30 18:12:57', NULL);
INSERT INTO `products` (`id`, `category_id`, `unit_id`, `sku`, `name`, `purchase_price`, `selling_price`, `quantity`, `min_stock`, `is_below_min_stock`, `is_active`, `description`, `notes`, `created_at`, `updated_at`, `deleted_at`) VALUES ('72', '2', '4', 'P.260430.IOC4', 'Lis Biding 5cm - Melati', '11050', '13000', '13', '5', '0', '1', 'Stok tersedia untuk Lis Biding 5cm - Melati', NULL, '2026-04-30 18:12:57', '2026-04-30 18:12:57', NULL);
INSERT INTO `products` (`id`, `category_id`, `unit_id`, `sku`, `name`, `purchase_price`, `selling_price`, `quantity`, `min_stock`, `is_below_min_stock`, `is_active`, `description`, `notes`, `created_at`, `updated_at`, `deleted_at`) VALUES ('73', '2', '1', 'P.260430.KYWS', 'Tabok Lampu - Bulat Kecil', '34000', '40000', '76', '5', '0', '1', 'Stok tersedia untuk Tabok Lampu - Bulat Kecil', NULL, '2026-04-30 18:12:57', '2026-04-30 18:12:57', NULL);
INSERT INTO `products` (`id`, `category_id`, `unit_id`, `sku`, `name`, `purchase_price`, `selling_price`, `quantity`, `min_stock`, `is_below_min_stock`, `is_active`, `description`, `notes`, `created_at`, `updated_at`, `deleted_at`) VALUES ('74', '2', '1', 'P.260430.VODL', 'Tabok Lampu - Sawi Bintang', '42500', '50000', '37', '5', '0', '1', 'Stok tersedia untuk Tabok Lampu - Sawi Bintang', NULL, '2026-04-30 18:12:57', '2026-04-30 18:12:57', NULL);
INSERT INTO `products` (`id`, `category_id`, `unit_id`, `sku`, `name`, `purchase_price`, `selling_price`, `quantity`, `min_stock`, `is_below_min_stock`, `is_active`, `description`, `notes`, `created_at`, `updated_at`, `deleted_at`) VALUES ('75', '2', '1', 'P.260430.FE79', 'Tabok Lampu - Sarang Tawon', '42500', '50000', '78', '5', '0', '1', 'Stok tersedia untuk Tabok Lampu - Sarang Tawon', NULL, '2026-04-30 18:12:57', '2026-04-30 18:12:57', NULL);
INSERT INTO `products` (`id`, `category_id`, `unit_id`, `sku`, `name`, `purchase_price`, `selling_price`, `quantity`, `min_stock`, `is_below_min_stock`, `is_active`, `description`, `notes`, `created_at`, `updated_at`, `deleted_at`) VALUES ('76', '2', '1', 'P.260430.HXO5', 'Tabok Lampu - Oreo/Kotak', '42500', '50000', '38', '5', '0', '1', 'Stok tersedia untuk Tabok Lampu - Oreo/Kotak', NULL, '2026-04-30 18:12:57', '2026-04-30 18:12:57', NULL);
INSERT INTO `products` (`id`, `category_id`, `unit_id`, `sku`, `name`, `purchase_price`, `selling_price`, `quantity`, `min_stock`, `is_below_min_stock`, `is_active`, `description`, `notes`, `created_at`, `updated_at`, `deleted_at`) VALUES ('77', '2', '1', 'P.260430.2UPO', 'Tabok Lampu - Oval Kupu', '42500', '50000', '52', '5', '0', '1', 'Stok tersedia untuk Tabok Lampu - Oval Kupu', NULL, '2026-04-30 18:12:57', '2026-04-30 18:12:57', NULL);
INSERT INTO `products` (`id`, `category_id`, `unit_id`, `sku`, `name`, `purchase_price`, `selling_price`, `quantity`, `min_stock`, `is_below_min_stock`, `is_active`, `description`, `notes`, `created_at`, `updated_at`, `deleted_at`) VALUES ('78', '2', '1', 'P.260430.LRF7', 'Tabok Lampu - Oval Batik', '59500', '70000', '18', '5', '0', '1', 'Stok tersedia untuk Tabok Lampu - Oval Batik', NULL, '2026-04-30 18:12:57', '2026-04-30 18:12:57', NULL);
INSERT INTO `products` (`id`, `category_id`, `unit_id`, `sku`, `name`, `purchase_price`, `selling_price`, `quantity`, `min_stock`, `is_below_min_stock`, `is_active`, `description`, `notes`, `created_at`, `updated_at`, `deleted_at`) VALUES ('79', '2', '1', 'P.260430.NS3V', 'Tabok Lampu - Batik Besar', '68000', '80000', '88', '5', '0', '1', 'Stok tersedia untuk Tabok Lampu - Batik Besar', NULL, '2026-04-30 18:12:57', '2026-04-30 18:12:57', NULL);
INSERT INTO `products` (`id`, `category_id`, `unit_id`, `sku`, `name`, `purchase_price`, `selling_price`, `quantity`, `min_stock`, `is_below_min_stock`, `is_active`, `description`, `notes`, `created_at`, `updated_at`, `deleted_at`) VALUES ('80', '2', '1', 'P.260430.7WD7', 'Tabok Lampu - Segi 8 Besar', '68000', '80000', '46', '5', '0', '1', 'Stok tersedia untuk Tabok Lampu - Segi 8 Besar', NULL, '2026-04-30 18:12:57', '2026-04-30 18:12:57', NULL);
INSERT INTO `products` (`id`, `category_id`, `unit_id`, `sku`, `name`, `purchase_price`, `selling_price`, `quantity`, `min_stock`, `is_below_min_stock`, `is_active`, `description`, `notes`, `created_at`, `updated_at`, `deleted_at`) VALUES ('81', '6', '2', 'P.260430.CUOV', 'Paku Kayu Ukuran 3/4 inch', '21250', '25000', '67', '5', '0', '1', 'Stok tersedia untuk Paku Kayu Ukuran 3/4 inch', NULL, '2026-04-30 18:12:57', '2026-04-30 18:12:57', NULL);
INSERT INTO `products` (`id`, `category_id`, `unit_id`, `sku`, `name`, `purchase_price`, `selling_price`, `quantity`, `min_stock`, `is_below_min_stock`, `is_active`, `description`, `notes`, `created_at`, `updated_at`, `deleted_at`) VALUES ('82', '6', '2', 'P.260430.NZAJ', 'Paku Kayu Ukuran 1 inch', '20400', '24000', '92', '5', '0', '1', 'Stok tersedia untuk Paku Kayu Ukuran 1 inch', NULL, '2026-04-30 18:12:57', '2026-04-30 18:12:57', NULL);
INSERT INTO `products` (`id`, `category_id`, `unit_id`, `sku`, `name`, `purchase_price`, `selling_price`, `quantity`, `min_stock`, `is_below_min_stock`, `is_active`, `description`, `notes`, `created_at`, `updated_at`, `deleted_at`) VALUES ('83', '6', '2', 'P.260430.JFGL', 'Paku Kayu Ukuran 1-1/4 inch', '19550', '23000', '24', '5', '0', '1', 'Stok tersedia untuk Paku Kayu Ukuran 1-1/4 inch', NULL, '2026-04-30 18:12:57', '2026-04-30 18:12:57', NULL);
INSERT INTO `products` (`id`, `category_id`, `unit_id`, `sku`, `name`, `purchase_price`, `selling_price`, `quantity`, `min_stock`, `is_below_min_stock`, `is_active`, `description`, `notes`, `created_at`, `updated_at`, `deleted_at`) VALUES ('84', '6', '2', 'P.260430.HDF2', 'Paku Kayu Ukuran 1-1/2 inch (4cm)', '17850', '21000', '24', '5', '0', '1', 'Stok tersedia untuk Paku Kayu Ukuran 1-1/2 inch (4cm)', NULL, '2026-04-30 18:12:57', '2026-04-30 18:12:57', NULL);
INSERT INTO `products` (`id`, `category_id`, `unit_id`, `sku`, `name`, `purchase_price`, `selling_price`, `quantity`, `min_stock`, `is_below_min_stock`, `is_active`, `description`, `notes`, `created_at`, `updated_at`, `deleted_at`) VALUES ('85', '6', '2', 'P.260430.LUR3', 'Paku Kayu Ukuran 5cm', '17000', '20000', '24', '5', '0', '1', 'Stok tersedia untuk Paku Kayu Ukuran 5cm', NULL, '2026-04-30 18:12:57', '2026-04-30 18:12:57', NULL);
INSERT INTO `products` (`id`, `category_id`, `unit_id`, `sku`, `name`, `purchase_price`, `selling_price`, `quantity`, `min_stock`, `is_below_min_stock`, `is_active`, `description`, `notes`, `created_at`, `updated_at`, `deleted_at`) VALUES ('86', '6', '2', 'P.260430.QAH6', 'Paku Kayu Ukuran 7cm', '17000', '20000', '44', '5', '0', '1', 'Stok tersedia untuk Paku Kayu Ukuran 7cm', NULL, '2026-04-30 18:12:57', '2026-04-30 18:12:57', NULL);
INSERT INTO `products` (`id`, `category_id`, `unit_id`, `sku`, `name`, `purchase_price`, `selling_price`, `quantity`, `min_stock`, `is_below_min_stock`, `is_active`, `description`, `notes`, `created_at`, `updated_at`, `deleted_at`) VALUES ('87', '6', '2', 'P.260430.HPDX', 'Paku Kayu Ukuran 10cm', '17000', '20000', '16', '5', '0', '1', 'Stok tersedia untuk Paku Kayu Ukuran 10cm', NULL, '2026-04-30 18:12:57', '2026-04-30 18:12:57', NULL);
INSERT INTO `products` (`id`, `category_id`, `unit_id`, `sku`, `name`, `purchase_price`, `selling_price`, `quantity`, `min_stock`, `is_below_min_stock`, `is_active`, `description`, `notes`, `created_at`, `updated_at`, `deleted_at`) VALUES ('88', '6', '2', 'P.260430.L8BT', 'Paku Kayu Ukuran 12cm', '17000', '20000', '28', '5', '0', '1', 'Stok tersedia untuk Paku Kayu Ukuran 12cm', NULL, '2026-04-30 18:12:57', '2026-04-30 18:12:57', NULL);
INSERT INTO `products` (`id`, `category_id`, `unit_id`, `sku`, `name`, `purchase_price`, `selling_price`, `quantity`, `min_stock`, `is_below_min_stock`, `is_active`, `description`, `notes`, `created_at`, `updated_at`, `deleted_at`) VALUES ('89', '6', '2', 'P.260430.MUXQ', 'Paku GRC / Jalusi', '21250', '25000', '31', '5', '0', '1', 'Stok tersedia untuk Paku GRC / Jalusi', NULL, '2026-04-30 18:12:57', '2026-04-30 18:12:57', NULL);
INSERT INTO `products` (`id`, `category_id`, `unit_id`, `sku`, `name`, `purchase_price`, `selling_price`, `quantity`, `min_stock`, `is_below_min_stock`, `is_active`, `description`, `notes`, `created_at`, `updated_at`, `deleted_at`) VALUES ('90', '6', '7', 'P.260430.80HP', 'Paku Kayu 1 Dus (Isi 30kg)', '312800', '368000', '35', '5', '0', '1', 'Stok tersedia untuk Paku Kayu 1 Dus (Isi 30kg)', NULL, '2026-04-30 18:12:57', '2026-04-30 18:12:57', NULL);
INSERT INTO `products` (`id`, `category_id`, `unit_id`, `sku`, `name`, `purchase_price`, `selling_price`, `quantity`, `min_stock`, `is_below_min_stock`, `is_active`, `description`, `notes`, `created_at`, `updated_at`, `deleted_at`) VALUES ('91', '6', '8', 'P.260430.YBQJ', 'Kawat Tali / Bendrat (PT Family)', '255000', '300000', '58', '5', '0', '1', 'Stok tersedia untuk Kawat Tali / Bendrat (PT Family)', NULL, '2026-04-30 18:12:57', '2026-04-30 18:12:57', NULL);
INSERT INTO `products` (`id`, `category_id`, `unit_id`, `sku`, `name`, `purchase_price`, `selling_price`, `quantity`, `min_stock`, `is_below_min_stock`, `is_active`, `description`, `notes`, `created_at`, `updated_at`, `deleted_at`) VALUES ('92', '6', '8', 'P.260430.VBMQ', 'Kawat Tali / Bendrat (Biasa)', '221000', '260000', '12', '5', '0', '1', 'Stok tersedia untuk Kawat Tali / Bendrat (Biasa)', NULL, '2026-04-30 18:12:57', '2026-04-30 18:12:57', NULL);
INSERT INTO `products` (`id`, `category_id`, `unit_id`, `sku`, `name`, `purchase_price`, `selling_price`, `quantity`, `min_stock`, `is_below_min_stock`, `is_active`, `description`, `notes`, `created_at`, `updated_at`, `deleted_at`) VALUES ('93', '1', '1', 'PRD-DUMMY-1', 'Piring Keramik Estetik', '10000', '25000', '498', '50', '0', '1', NULL, NULL, '2026-05-01 05:13:19', '2026-05-01 05:15:11', NULL);

-- Dumping data for table: produksis
TRUNCATE TABLE `produksis`;
INSERT INTO `produksis` (`id`, `production_number`, `product_id`, `bom_id`, `target_quantity`, `status`, `start_date`, `end_date`, `notes`, `created_by`, `created_at`, `updated_at`) VALUES ('1', 'PRD-SEED-M8UYG-1', '93', '1', '11', 'completed', '2026-04-26', NULL, 'Dummy Produksi #1', '1', '2026-05-01 05:13:19', '2026-05-01 05:13:19');
INSERT INTO `produksis` (`id`, `production_number`, `product_id`, `bom_id`, `target_quantity`, `status`, `start_date`, `end_date`, `notes`, `created_by`, `created_at`, `updated_at`) VALUES ('2', 'PRD-SEED-ANAGQ-1', '93', '1', '11', 'completed', '2026-04-24', NULL, 'Dummy Produksi #1', '1', '2026-05-01 05:13:52', '2026-05-01 05:13:52');
INSERT INTO `produksis` (`id`, `production_number`, `product_id`, `bom_id`, `target_quantity`, `status`, `start_date`, `end_date`, `notes`, `created_by`, `created_at`, `updated_at`) VALUES ('3', 'PRD-SEED-V5ZOA-2', '93', '1', '12', 'completed', '2026-04-29', NULL, 'Dummy Produksi #2', '1', '2026-05-01 05:13:52', '2026-05-01 05:13:52');
INSERT INTO `produksis` (`id`, `production_number`, `product_id`, `bom_id`, `target_quantity`, `status`, `start_date`, `end_date`, `notes`, `created_by`, `created_at`, `updated_at`) VALUES ('4', 'PRD-SEED-HRPLY-3', '93', '1', '13', 'completed', '2026-04-29', NULL, 'Dummy Produksi #3', '1', '2026-05-01 05:13:52', '2026-05-01 05:13:52');
INSERT INTO `produksis` (`id`, `production_number`, `product_id`, `bom_id`, `target_quantity`, `status`, `start_date`, `end_date`, `notes`, `created_by`, `created_at`, `updated_at`) VALUES ('5', 'PRD-SEED-TRUKU-4', '93', '1', '14', 'in_progress', '2026-04-25', NULL, 'Dummy Produksi #4', '1', '2026-05-01 05:13:52', '2026-05-01 05:13:52');
INSERT INTO `produksis` (`id`, `production_number`, `product_id`, `bom_id`, `target_quantity`, `status`, `start_date`, `end_date`, `notes`, `created_by`, `created_at`, `updated_at`) VALUES ('6', 'PRD-SEED-AGHMW-5', '93', '1', '15', 'in_progress', '2026-04-22', NULL, 'Dummy Produksi #5', '1', '2026-05-01 05:13:52', '2026-05-01 05:13:52');
INSERT INTO `produksis` (`id`, `production_number`, `product_id`, `bom_id`, `target_quantity`, `status`, `start_date`, `end_date`, `notes`, `created_by`, `created_at`, `updated_at`) VALUES ('7', 'PRD-SEED-OH5O3-6', '93', '1', '16', 'in_progress', '2026-04-25', NULL, 'Dummy Produksi #6', '1', '2026-05-01 05:13:52', '2026-05-01 05:13:52');
INSERT INTO `produksis` (`id`, `production_number`, `product_id`, `bom_id`, `target_quantity`, `status`, `start_date`, `end_date`, `notes`, `created_by`, `created_at`, `updated_at`) VALUES ('8', 'PRD-SEED-VDY9Y-7', '93', '1', '17', 'pending', '2026-04-30', NULL, 'Dummy Produksi #7', '1', '2026-05-01 05:13:53', '2026-05-01 05:13:53');
INSERT INTO `produksis` (`id`, `production_number`, `product_id`, `bom_id`, `target_quantity`, `status`, `start_date`, `end_date`, `notes`, `created_by`, `created_at`, `updated_at`) VALUES ('9', 'PRD-SEED-VINUC-8', '93', '1', '18', 'pending', '2026-04-30', NULL, 'Dummy Produksi #8', '1', '2026-05-01 05:13:53', '2026-05-01 05:13:53');
INSERT INTO `produksis` (`id`, `production_number`, `product_id`, `bom_id`, `target_quantity`, `status`, `start_date`, `end_date`, `notes`, `created_by`, `created_at`, `updated_at`) VALUES ('10', 'PRD-SEED-HO1JP-9', '93', '1', '19', 'pending', '2026-04-27', NULL, 'Dummy Produksi #9', '1', '2026-05-01 05:13:53', '2026-05-01 05:13:53');
INSERT INTO `produksis` (`id`, `production_number`, `product_id`, `bom_id`, `target_quantity`, `status`, `start_date`, `end_date`, `notes`, `created_by`, `created_at`, `updated_at`) VALUES ('11', 'PRD-SEED-ABUJV-10', '93', '1', '20', 'pending', '2026-04-27', NULL, 'Dummy Produksi #10', '1', '2026-05-01 05:13:53', '2026-05-01 05:13:53');
INSERT INTO `produksis` (`id`, `production_number`, `product_id`, `bom_id`, `target_quantity`, `status`, `start_date`, `end_date`, `notes`, `created_by`, `created_at`, `updated_at`) VALUES ('12', 'PRD-FAIL-U6MPE-1', '93', '1', '6', 'failed', '2026-04-30', NULL, 'Dummy Produksi Gagal #1', '1', '2026-05-01 05:13:53', '2026-05-01 05:13:53');
INSERT INTO `produksis` (`id`, `production_number`, `product_id`, `bom_id`, `target_quantity`, `status`, `start_date`, `end_date`, `notes`, `created_by`, `created_at`, `updated_at`) VALUES ('13', 'PRD-FAIL-YRWLY-2', '93', '1', '7', 'failed', '2026-04-29', NULL, 'Dummy Produksi Gagal #2', '1', '2026-05-01 05:13:53', '2026-05-01 05:13:53');
INSERT INTO `produksis` (`id`, `production_number`, `product_id`, `bom_id`, `target_quantity`, `status`, `start_date`, `end_date`, `notes`, `created_by`, `created_at`, `updated_at`) VALUES ('14', 'PRD-FAIL-IKIG1-3', '93', '1', '8', 'failed', '2026-04-28', NULL, 'Dummy Produksi Gagal #3', '1', '2026-05-01 05:13:53', '2026-05-01 05:13:53');
INSERT INTO `produksis` (`id`, `production_number`, `product_id`, `bom_id`, `target_quantity`, `status`, `start_date`, `end_date`, `notes`, `created_by`, `created_at`, `updated_at`) VALUES ('15', 'PRD-SEED-7ZDVW-1', '93', '1', '11', 'completed', '2026-04-27', NULL, 'Dummy Produksi #1', '1', '2026-05-01 05:14:42', '2026-05-01 05:14:42');
INSERT INTO `produksis` (`id`, `production_number`, `product_id`, `bom_id`, `target_quantity`, `status`, `start_date`, `end_date`, `notes`, `created_by`, `created_at`, `updated_at`) VALUES ('16', 'PRD-SEED-PVM2P-2', '93', '1', '12', 'completed', '2026-04-25', NULL, 'Dummy Produksi #2', '1', '2026-05-01 05:14:42', '2026-05-01 05:14:42');
INSERT INTO `produksis` (`id`, `production_number`, `product_id`, `bom_id`, `target_quantity`, `status`, `start_date`, `end_date`, `notes`, `created_by`, `created_at`, `updated_at`) VALUES ('17', 'PRD-SEED-MV9R7-3', '93', '1', '13', 'completed', '2026-04-23', NULL, 'Dummy Produksi #3', '1', '2026-05-01 05:14:42', '2026-05-01 05:14:42');
INSERT INTO `produksis` (`id`, `production_number`, `product_id`, `bom_id`, `target_quantity`, `status`, `start_date`, `end_date`, `notes`, `created_by`, `created_at`, `updated_at`) VALUES ('18', 'PRD-SEED-S3RKH-4', '93', '1', '14', 'in_progress', '2026-04-27', NULL, 'Dummy Produksi #4', '1', '2026-05-01 05:14:42', '2026-05-01 05:14:42');
INSERT INTO `produksis` (`id`, `production_number`, `product_id`, `bom_id`, `target_quantity`, `status`, `start_date`, `end_date`, `notes`, `created_by`, `created_at`, `updated_at`) VALUES ('19', 'PRD-SEED-RKSVR-5', '93', '1', '15', 'in_progress', '2026-04-25', NULL, 'Dummy Produksi #5', '1', '2026-05-01 05:14:42', '2026-05-01 05:14:42');
INSERT INTO `produksis` (`id`, `production_number`, `product_id`, `bom_id`, `target_quantity`, `status`, `start_date`, `end_date`, `notes`, `created_by`, `created_at`, `updated_at`) VALUES ('20', 'PRD-SEED-8ITRJ-6', '93', '1', '16', 'in_progress', '2026-04-24', NULL, 'Dummy Produksi #6', '1', '2026-05-01 05:14:42', '2026-05-01 05:14:42');
INSERT INTO `produksis` (`id`, `production_number`, `product_id`, `bom_id`, `target_quantity`, `status`, `start_date`, `end_date`, `notes`, `created_by`, `created_at`, `updated_at`) VALUES ('21', 'PRD-SEED-9ZWR1-7', '93', '1', '17', 'pending', '2026-04-21', NULL, 'Dummy Produksi #7', '1', '2026-05-01 05:14:42', '2026-05-01 05:14:42');
INSERT INTO `produksis` (`id`, `production_number`, `product_id`, `bom_id`, `target_quantity`, `status`, `start_date`, `end_date`, `notes`, `created_by`, `created_at`, `updated_at`) VALUES ('22', 'PRD-SEED-IM9GO-8', '93', '1', '18', 'pending', '2026-04-28', NULL, 'Dummy Produksi #8', '1', '2026-05-01 05:14:42', '2026-05-01 05:14:42');
INSERT INTO `produksis` (`id`, `production_number`, `product_id`, `bom_id`, `target_quantity`, `status`, `start_date`, `end_date`, `notes`, `created_by`, `created_at`, `updated_at`) VALUES ('23', 'PRD-SEED-YUTAS-9', '93', '1', '19', 'pending', '2026-04-23', NULL, 'Dummy Produksi #9', '1', '2026-05-01 05:14:42', '2026-05-01 05:14:42');
INSERT INTO `produksis` (`id`, `production_number`, `product_id`, `bom_id`, `target_quantity`, `status`, `start_date`, `end_date`, `notes`, `created_by`, `created_at`, `updated_at`) VALUES ('24', 'PRD-SEED-EOYEF-10', '93', '1', '20', 'pending', '2026-04-24', NULL, 'Dummy Produksi #10', '1', '2026-05-01 05:14:42', '2026-05-01 05:14:42');
INSERT INTO `produksis` (`id`, `production_number`, `product_id`, `bom_id`, `target_quantity`, `status`, `start_date`, `end_date`, `notes`, `created_by`, `created_at`, `updated_at`) VALUES ('25', 'PRD-FAIL-9H413-1', '93', '1', '6', 'failed', '2026-04-29', NULL, 'Dummy Produksi Gagal #1', '1', '2026-05-01 05:14:42', '2026-05-01 05:14:42');
INSERT INTO `produksis` (`id`, `production_number`, `product_id`, `bom_id`, `target_quantity`, `status`, `start_date`, `end_date`, `notes`, `created_by`, `created_at`, `updated_at`) VALUES ('26', 'PRD-FAIL-CFABP-2', '93', '1', '7', 'failed', '2026-04-29', NULL, 'Dummy Produksi Gagal #2', '1', '2026-05-01 05:14:42', '2026-05-01 05:14:42');
INSERT INTO `produksis` (`id`, `production_number`, `product_id`, `bom_id`, `target_quantity`, `status`, `start_date`, `end_date`, `notes`, `created_by`, `created_at`, `updated_at`) VALUES ('27', 'PRD-FAIL-TPWQG-3', '93', '1', '8', 'failed', '2026-04-28', NULL, 'Dummy Produksi Gagal #3', '1', '2026-05-01 05:14:42', '2026-05-01 05:14:42');
INSERT INTO `produksis` (`id`, `production_number`, `product_id`, `bom_id`, `target_quantity`, `status`, `start_date`, `end_date`, `notes`, `created_by`, `created_at`, `updated_at`) VALUES ('28', 'PRD-SEED-OGOG1-1', '93', '1', '11', 'completed', '2026-04-26', NULL, 'Dummy Produksi #1', '1', '2026-05-01 05:15:11', '2026-05-01 05:15:11');
INSERT INTO `produksis` (`id`, `production_number`, `product_id`, `bom_id`, `target_quantity`, `status`, `start_date`, `end_date`, `notes`, `created_by`, `created_at`, `updated_at`) VALUES ('29', 'PRD-SEED-LVVC2-2', '93', '1', '12', 'completed', '2026-04-30', NULL, 'Dummy Produksi #2', '1', '2026-05-01 05:15:11', '2026-05-01 05:15:11');
INSERT INTO `produksis` (`id`, `production_number`, `product_id`, `bom_id`, `target_quantity`, `status`, `start_date`, `end_date`, `notes`, `created_by`, `created_at`, `updated_at`) VALUES ('30', 'PRD-SEED-LSF2F-3', '93', '1', '13', 'completed', '2026-04-24', NULL, 'Dummy Produksi #3', '1', '2026-05-01 05:15:11', '2026-05-01 05:15:11');
INSERT INTO `produksis` (`id`, `production_number`, `product_id`, `bom_id`, `target_quantity`, `status`, `start_date`, `end_date`, `notes`, `created_by`, `created_at`, `updated_at`) VALUES ('31', 'PRD-SEED-WUWQL-4', '93', '1', '14', 'in_progress', '2026-04-29', NULL, 'Dummy Produksi #4', '1', '2026-05-01 05:15:11', '2026-05-01 05:15:11');
INSERT INTO `produksis` (`id`, `production_number`, `product_id`, `bom_id`, `target_quantity`, `status`, `start_date`, `end_date`, `notes`, `created_by`, `created_at`, `updated_at`) VALUES ('32', 'PRD-SEED-KRDHW-5', '93', '1', '15', 'in_progress', '2026-04-25', NULL, 'Dummy Produksi #5', '1', '2026-05-01 05:15:11', '2026-05-01 05:15:11');
INSERT INTO `produksis` (`id`, `production_number`, `product_id`, `bom_id`, `target_quantity`, `status`, `start_date`, `end_date`, `notes`, `created_by`, `created_at`, `updated_at`) VALUES ('33', 'PRD-SEED-XDMNP-6', '93', '1', '16', 'in_progress', '2026-04-28', NULL, 'Dummy Produksi #6', '1', '2026-05-01 05:15:11', '2026-05-01 05:15:11');
INSERT INTO `produksis` (`id`, `production_number`, `product_id`, `bom_id`, `target_quantity`, `status`, `start_date`, `end_date`, `notes`, `created_by`, `created_at`, `updated_at`) VALUES ('34', 'PRD-SEED-WZC2J-7', '93', '1', '17', 'pending', '2026-04-29', NULL, 'Dummy Produksi #7', '1', '2026-05-01 05:15:11', '2026-05-01 05:15:11');
INSERT INTO `produksis` (`id`, `production_number`, `product_id`, `bom_id`, `target_quantity`, `status`, `start_date`, `end_date`, `notes`, `created_by`, `created_at`, `updated_at`) VALUES ('35', 'PRD-SEED-R5PVR-8', '93', '1', '18', 'pending', '2026-04-22', NULL, 'Dummy Produksi #8', '1', '2026-05-01 05:15:11', '2026-05-01 05:15:11');
INSERT INTO `produksis` (`id`, `production_number`, `product_id`, `bom_id`, `target_quantity`, `status`, `start_date`, `end_date`, `notes`, `created_by`, `created_at`, `updated_at`) VALUES ('36', 'PRD-SEED-Q9KBZ-9', '93', '1', '19', 'pending', '2026-04-30', NULL, 'Dummy Produksi #9', '1', '2026-05-01 05:15:11', '2026-05-01 05:15:11');
INSERT INTO `produksis` (`id`, `production_number`, `product_id`, `bom_id`, `target_quantity`, `status`, `start_date`, `end_date`, `notes`, `created_by`, `created_at`, `updated_at`) VALUES ('37', 'PRD-SEED-3G8VU-10', '93', '1', '20', 'pending', '2026-04-30', NULL, 'Dummy Produksi #10', '1', '2026-05-01 05:15:11', '2026-05-01 05:15:11');
INSERT INTO `produksis` (`id`, `production_number`, `product_id`, `bom_id`, `target_quantity`, `status`, `start_date`, `end_date`, `notes`, `created_by`, `created_at`, `updated_at`) VALUES ('38', 'PRD-FAIL-GZ4HC-1', '93', '1', '6', 'failed', '2026-04-28', NULL, 'Dummy Produksi Gagal #1', '1', '2026-05-01 05:15:11', '2026-05-01 05:15:11');
INSERT INTO `produksis` (`id`, `production_number`, `product_id`, `bom_id`, `target_quantity`, `status`, `start_date`, `end_date`, `notes`, `created_by`, `created_at`, `updated_at`) VALUES ('39', 'PRD-FAIL-L8HLR-2', '93', '1', '7', 'failed', '2026-04-30', NULL, 'Dummy Produksi Gagal #2', '1', '2026-05-01 05:15:11', '2026-05-01 05:15:11');
INSERT INTO `produksis` (`id`, `production_number`, `product_id`, `bom_id`, `target_quantity`, `status`, `start_date`, `end_date`, `notes`, `created_by`, `created_at`, `updated_at`) VALUES ('40', 'PRD-FAIL-ZFABR-3', '93', '1', '8', 'failed', '2026-04-27', NULL, 'Dummy Produksi Gagal #3', '1', '2026-05-01 05:15:11', '2026-05-01 05:15:11');

-- Dumping data for table: sessions
TRUNCATE TABLE `sessions`;
INSERT INTO `sessions` (`id`, `user_id`, `ip_address`, `user_agent`, `payload`, `last_activity`) VALUES ('UgisOpf5Lp6G9YZsDRlc8eOMtkrzEJpllEYCYLxe', '3', '127.0.0.1', 'Mozilla/5.0 (Windows NT 10.0; Win64; x64) AppleWebKit/537.36 (KHTML, like Gecko) Chrome/147.0.0.0 Safari/537.36', 'YTo2OntzOjY6Il90b2tlbiI7czo0MDoidkZMUWpoM0wyR3ZpNzNqeFdZanh4M3lHMDAxZjhzNlRwcWNLcVVwRiI7czo2OiJfZmxhc2giO2E6Mjp7czozOiJvbGQiO2E6MDp7fXM6MzoibmV3IjthOjA6e319czozOiJ1cmwiO2E6MDp7fXM6OToiX3ByZXZpb3VzIjthOjI6e3M6MzoidXJsIjtzOjMyOiJodHRwOi8vMTI3LjAuMC4xOjgwMDAvYm9tL2NyZWF0ZSI7czo1OiJyb3V0ZSI7czoxMDoiYm9tLmNyZWF0ZSI7fXM6NTA6ImxvZ2luX3dlYl81OWJhMzZhZGRjMmIyZjk0MDE1ODBmMDE0YzdmNThlYTRlMzA5ODlkIjtpOjM7czoyMjoiUEhQREVCVUdCQVJfU1RBQ0tfREFUQSI7YTowOnt9fQ==', '1777609900');

-- Dumping data for table: settings
TRUNCATE TABLE `settings`;
INSERT INTO `settings` (`key`, `value`, `created_at`, `updated_at`) VALUES ('currency_decimal_separator', ',', '2026-04-30 18:12:57', '2026-04-30 18:12:57');
INSERT INTO `settings` (`key`, `value`, `created_at`, `updated_at`) VALUES ('currency_fraction_digits', '0', '2026-04-30 18:12:57', '2026-04-30 18:12:57');
INSERT INTO `settings` (`key`, `value`, `created_at`, `updated_at`) VALUES ('currency_position', 'left', '2026-04-30 18:12:57', '2026-04-30 18:12:57');
INSERT INTO `settings` (`key`, `value`, `created_at`, `updated_at`) VALUES ('currency_symbol', 'Rp', '2026-04-30 18:12:57', '2026-04-30 18:12:57');
INSERT INTO `settings` (`key`, `value`, `created_at`, `updated_at`) VALUES ('currency_thousand_separator', '.', '2026-04-30 18:12:57', '2026-04-30 18:12:57');
INSERT INTO `settings` (`key`, `value`, `created_at`, `updated_at`) VALUES ('opening_balance_amount', '10000000', '2026-04-30 18:12:57', '2026-04-30 18:12:57');
INSERT INTO `settings` (`key`, `value`, `created_at`, `updated_at`) VALUES ('opening_balance_date', '2026-01-01', '2026-04-30 18:12:57', '2026-04-30 18:12:57');
INSERT INTO `settings` (`key`, `value`, `created_at`, `updated_at`) VALUES ('store_address', 'Pamijahan, Kec. Plumbon, Kabupaten Cirebon, Jawa Barat 45155', '2026-04-30 18:12:57', '2026-04-30 18:12:57');
INSERT INTO `settings` (`key`, `value`, `created_at`, `updated_at`) VALUES ('store_name', 'TK.INTANPERMATA', '2026-04-30 18:12:57', '2026-04-30 18:12:57');
INSERT INTO `settings` (`key`, `value`, `created_at`, `updated_at`) VALUES ('store_phone', '081234567890', '2026-04-30 18:12:57', '2026-04-30 18:12:57');

-- Dumping data for table: stock_movements
TRUNCATE TABLE `stock_movements`;
INSERT INTO `stock_movements` (`id`, `batch_id`, `reference_type`, `reference_id`, `action`, `item_type`, `item_id`, `type`, `quantity`, `stock_before`, `stock_after`, `movement_date`, `notes`, `created_by`, `created_at`, `updated_at`) VALUES ('1', 'c9812f3a-65c7-497a-bc70-decf01b03906', 'Database\\Seeders\\DummyTransactionSeeder', '1', 'manual_adjustment', 'bahan_baku', '1', 'in', '100', '1000', '1100', '2026-05-01 12:13:58', 'Dummy Initial Stock for Reversal 1', '1', '2026-05-01 05:13:58', '2026-05-01 05:13:58');
INSERT INTO `stock_movements` (`id`, `batch_id`, `reference_type`, `reference_id`, `action`, `item_type`, `item_id`, `type`, `quantity`, `stock_before`, `stock_after`, `movement_date`, `notes`, `created_by`, `created_at`, `updated_at`) VALUES ('2', 'a2ac247a-fcd5-4a5e-83af-0e7781622294', 'Database\\Seeders\\DummyTransactionSeeder', '1', 'manual_adjustment_reversal', 'bahan_baku', '1', 'out', '100', '1000', '900', '2026-05-01 12:14:42', 'Salah input kuantitas (Seeder 1)', '1', '2026-05-01 05:14:42', '2026-05-01 05:14:42');
INSERT INTO `stock_movements` (`id`, `batch_id`, `reference_type`, `reference_id`, `action`, `item_type`, `item_id`, `type`, `quantity`, `stock_before`, `stock_after`, `movement_date`, `notes`, `created_by`, `created_at`, `updated_at`) VALUES ('3', 'ae957b80-e45d-4d29-95e4-89d8055f38a1', 'Database\\Seeders\\DummyTransactionSeeder', '2', 'manual_adjustment', 'bahan_baku', '1', 'in', '100', '900', '1000', '2026-05-01 12:14:42', 'Dummy Initial Stock for Reversal 2', '1', '2026-05-01 05:14:42', '2026-05-01 05:14:42');
INSERT INTO `stock_movements` (`id`, `batch_id`, `reference_type`, `reference_id`, `action`, `item_type`, `item_id`, `type`, `quantity`, `stock_before`, `stock_after`, `movement_date`, `notes`, `created_by`, `created_at`, `updated_at`) VALUES ('4', 'c62667ee-974b-4589-9629-4d934f6e855e', 'Database\\Seeders\\DummyTransactionSeeder', '2', 'manual_adjustment_reversal', 'bahan_baku', '1', 'out', '100', '1000', '900', '2026-05-01 12:14:42', 'Salah input kuantitas (Seeder 2)', '1', '2026-05-01 05:14:42', '2026-05-01 05:14:42');
INSERT INTO `stock_movements` (`id`, `batch_id`, `reference_type`, `reference_id`, `action`, `item_type`, `item_id`, `type`, `quantity`, `stock_before`, `stock_after`, `movement_date`, `notes`, `created_by`, `created_at`, `updated_at`) VALUES ('5', '500fab23-4e41-4b6d-95e5-ab57708c10ed', 'Database\\Seeders\\DummyTransactionSeeder', '999', 'manual_adjustment', 'product', '93', 'out', '2', '500', '498', '2026-05-01 12:15:11', 'damage: Barang pecah saat dipindahkan (Seeder)', '1', '2026-05-01 05:15:11', '2026-05-01 05:15:11');

-- Dumping data for table: suppliers
TRUNCATE TABLE `suppliers`;
INSERT INTO `suppliers` (`id`, `name`, `contact_person`, `email`, `phone`, `address`, `notes`, `created_at`, `updated_at`) VALUES ('1', 'Crist and Sons', 'Leda Lueilwitz', 'ckuphal@adams.info', '1-534-688-9101', '2288 Reinger Trail Suite 139\nSouth Gertrude, KY 02150-9996', NULL, '2026-04-30 18:12:57', '2026-04-30 18:12:57');
INSERT INTO `suppliers` (`id`, `name`, `contact_person`, `email`, `phone`, `address`, `notes`, `created_at`, `updated_at`) VALUES ('2', 'Upton Group', 'Chad Daniel', 'oupton@ryan.com', '(251) 310-1120', '83426 Glenda Ports Suite 601\nChristopherbury, LA 46621', NULL, '2026-04-30 18:12:57', '2026-04-30 18:12:57');
INSERT INTO `suppliers` (`id`, `name`, `contact_person`, `email`, `phone`, `address`, `notes`, `created_at`, `updated_at`) VALUES ('3', 'Hayes PLC', 'Ms. Sarah Fritsch IV', 'dylan.olson@lesch.com', '216.242.8107', '6067 Shana Bypass Suite 280\nGottliebland, MI 22221', NULL, '2026-04-30 18:12:57', '2026-04-30 18:12:57');
INSERT INTO `suppliers` (`id`, `name`, `contact_person`, `email`, `phone`, `address`, `notes`, `created_at`, `updated_at`) VALUES ('4', 'Gibson-Ferry', 'Maybelle McLaughlin', 'martin.schaden@hansen.com', '(681) 322-0698', '9771 Monahan Springs Suite 398\nPort Katelinmouth, MD 27669', NULL, '2026-04-30 18:12:57', '2026-04-30 18:12:57');
INSERT INTO `suppliers` (`id`, `name`, `contact_person`, `email`, `phone`, `address`, `notes`, `created_at`, `updated_at`) VALUES ('5', 'Balistreri-Rippin', 'Amber Keeling', 'kilback.kaia@hane.com', '+1.832.210.9741', '5206 Franz Circles\nNew Mavisberg, WY 85956', 'Sequi voluptatem iure minima odio voluptatem cum.', '2026-04-30 18:12:57', '2026-04-30 18:12:57');
INSERT INTO `suppliers` (`id`, `name`, `contact_person`, `email`, `phone`, `address`, `notes`, `created_at`, `updated_at`) VALUES ('6', 'Rosenbaum, Haag and Quigley', 'Una Gerlach', 'isadore.maggio@cartwright.com', '870.460.2024', '8391 Vinnie Road Suite 485\nToyshire, HI 76053', NULL, '2026-04-30 18:12:57', '2026-04-30 18:12:57');
INSERT INTO `suppliers` (`id`, `name`, `contact_person`, `email`, `phone`, `address`, `notes`, `created_at`, `updated_at`) VALUES ('7', 'Ward, Macejkovic and Beahan', 'Jolie Dickens MD', 'miracle63@willms.com', '+1-415-649-1969', '199 Antoinette Port\nMarquardtbury, OR 53517', NULL, '2026-04-30 18:12:57', '2026-04-30 18:12:57');
INSERT INTO `suppliers` (`id`, `name`, `contact_person`, `email`, `phone`, `address`, `notes`, `created_at`, `updated_at`) VALUES ('8', 'Heaney-Dickinson', 'Bria Schowalter', 'izaiah40@hill.com', '1-678-667-2263', '49545 Sam Crest Apt. 776\nNew Eli, KS 71726-1889', NULL, '2026-04-30 18:12:57', '2026-04-30 18:12:57');
INSERT INTO `suppliers` (`id`, `name`, `contact_person`, `email`, `phone`, `address`, `notes`, `created_at`, `updated_at`) VALUES ('9', 'Cormier LLC', 'Precious Watsica PhD', 'dschinner@dooley.org', '605.444.1473', '210 Christiansen Trafficway Suite 742\nVioletborough, MS 97007-8148', 'Alias officiis voluptas sapiente.', '2026-04-30 18:12:57', '2026-04-30 18:12:57');
INSERT INTO `suppliers` (`id`, `name`, `contact_person`, `email`, `phone`, `address`, `notes`, `created_at`, `updated_at`) VALUES ('10', 'Yundt-Gorczany', 'Halie Gerlach V', 'koepp.kameron@hodkiewicz.com', '+1 (925) 379-1971', '230 Wuckert Underpass Suite 036\nAltenwerthview, WY 22400', NULL, '2026-04-30 18:12:57', '2026-04-30 18:12:57');
INSERT INTO `suppliers` (`id`, `name`, `contact_person`, `email`, `phone`, `address`, `notes`, `created_at`, `updated_at`) VALUES ('11', 'Cartwright, Kertzmann and Price', 'Arnoldo Mohr', 'elfrieda98@bernhard.info', '815-940-0394', '6019 Anastacio Land\nLake Noelview, MD 98455-8380', 'In voluptas nobis numquam asperiores ab quos.', '2026-04-30 18:12:57', '2026-04-30 18:12:57');
INSERT INTO `suppliers` (`id`, `name`, `contact_person`, `email`, `phone`, `address`, `notes`, `created_at`, `updated_at`) VALUES ('12', 'Barrows Group', 'Gordon Franecki', 'abshire.theron@reilly.net', '+1.816.628.1435', '5107 Abbott Curve\nEast Jazmin, CA 00373', 'Omnis aut dolores neque eligendi.', '2026-04-30 18:12:57', '2026-04-30 18:12:57');
INSERT INTO `suppliers` (`id`, `name`, `contact_person`, `email`, `phone`, `address`, `notes`, `created_at`, `updated_at`) VALUES ('13', 'Parisian-Reynolds', 'Ken Smith', 'orin.nikolaus@thiel.com', '341.682.3095', '66402 Jacey Meadow\nEast Nia, TN 43828-7537', NULL, '2026-04-30 18:12:57', '2026-04-30 18:12:57');
INSERT INTO `suppliers` (`id`, `name`, `contact_person`, `email`, `phone`, `address`, `notes`, `created_at`, `updated_at`) VALUES ('14', 'Streich-Bartoletti', 'Ila Wolff', 'emanuel62@veum.com', '(434) 487-6401', '134 Destinee Hill\nBreitenbergburgh, RI 87769', NULL, '2026-04-30 18:12:57', '2026-04-30 18:12:57');
INSERT INTO `suppliers` (`id`, `name`, `contact_person`, `email`, `phone`, `address`, `notes`, `created_at`, `updated_at`) VALUES ('15', 'Ondricka-Sawayn', 'Leland Huel', 'hschmitt@rutherford.org', '+1 (408) 632-8899', '5129 Towne Harbors Suite 252\nProhaskafurt, ID 37181', 'Est laborum nemo asperiores perferendis quae unde.', '2026-04-30 18:12:57', '2026-04-30 18:12:57');
INSERT INTO `suppliers` (`id`, `name`, `contact_person`, `email`, `phone`, `address`, `notes`, `created_at`, `updated_at`) VALUES ('16', 'Pfannerstill, Sipes and Herman', 'Destany Wolff', 'alayna.ruecker@swaniawski.com', '+1 (630) 592-6628', '211 Blanda Roads\nGuyborough, MA 99072-8815', NULL, '2026-04-30 18:12:57', '2026-04-30 18:12:57');
INSERT INTO `suppliers` (`id`, `name`, `contact_person`, `email`, `phone`, `address`, `notes`, `created_at`, `updated_at`) VALUES ('17', 'Spinka and Sons', 'Johnathan Shanahan DDS', 'rprosacco@rath.com', '551.544.2441', '416 Price Keys\nWest Stanfordburgh, AK 19279', NULL, '2026-04-30 18:12:57', '2026-04-30 18:12:57');
INSERT INTO `suppliers` (`id`, `name`, `contact_person`, `email`, `phone`, `address`, `notes`, `created_at`, `updated_at`) VALUES ('18', 'Funk-Roob', 'Kendra Stroman', 'dboehm@oconner.com', '+1-646-541-5811', '10957 Halvorson Squares\nHaydenton, ME 34399', 'Maxime inventore reprehenderit accusamus reprehenderit enim.', '2026-04-30 18:12:57', '2026-04-30 18:12:57');
INSERT INTO `suppliers` (`id`, `name`, `contact_person`, `email`, `phone`, `address`, `notes`, `created_at`, `updated_at`) VALUES ('19', 'Ondricka-Orn', 'Thurman Bauch Jr.', 'sigrid.kautzer@simonis.com', '+14586194250', '8098 Gislason Mews\nWest Sofia, VT 74314-9821', NULL, '2026-04-30 18:12:57', '2026-04-30 18:12:57');
INSERT INTO `suppliers` (`id`, `name`, `contact_person`, `email`, `phone`, `address`, `notes`, `created_at`, `updated_at`) VALUES ('20', 'Rath, Cartwright and Streich', 'Margarita Volkman', 'keagan31@rowe.com', '+1-951-922-0740', '54771 Amparo Mall Suite 181\nNew Marlenview, CT 14030-9332', NULL, '2026-04-30 18:12:57', '2026-04-30 18:12:57');
INSERT INTO `suppliers` (`id`, `name`, `contact_person`, `email`, `phone`, `address`, `notes`, `created_at`, `updated_at`) VALUES ('21', 'Orn, Schoen and Schaden', 'Miss Kiarra Johnston Jr.', 'mollie.barton@friesen.biz', '630-952-0489', '921 Neha Junctions\nLake Juanaport, AL 44565-5990', NULL, '2026-04-30 18:12:57', '2026-04-30 18:12:57');
INSERT INTO `suppliers` (`id`, `name`, `contact_person`, `email`, `phone`, `address`, `notes`, `created_at`, `updated_at`) VALUES ('22', 'Sawayn, Kunde and Yundt', 'Blanche Block', 'dmclaughlin@hoeger.net', '+1-769-204-1556', '1799 Cortney Flats\nLake Rontown, DE 66893', NULL, '2026-04-30 18:12:57', '2026-04-30 18:12:57');
INSERT INTO `suppliers` (`id`, `name`, `contact_person`, `email`, `phone`, `address`, `notes`, `created_at`, `updated_at`) VALUES ('23', 'Goyette and Sons', 'Dannie Williamson', 'rutherford.tianna@gleichner.com', '+1-573-690-8032', '4578 Cronin Keys\nEast Aletha, HI 94337-4958', 'Eveniet laborum debitis possimus necessitatibus accusamus.', '2026-04-30 18:12:57', '2026-04-30 18:12:57');
INSERT INTO `suppliers` (`id`, `name`, `contact_person`, `email`, `phone`, `address`, `notes`, `created_at`, `updated_at`) VALUES ('24', 'Pouros, Wyman and Romaguera', 'Mrs. Coralie Parisian', 'gsenger@trantow.com', '628-908-8417', '5672 Swift Track Suite 247\nZboncakfurt, MN 12144', NULL, '2026-04-30 18:12:57', '2026-04-30 18:12:57');
INSERT INTO `suppliers` (`id`, `name`, `contact_person`, `email`, `phone`, `address`, `notes`, `created_at`, `updated_at`) VALUES ('25', 'Rolfson-Schuppe', 'Jeanette Romaguera', 'florida.jaskolski@smith.net', '+1 (458) 777-6618', '541 Conn Ports Apt. 669\nNaderstad, DC 30939', NULL, '2026-04-30 18:12:57', '2026-04-30 18:12:57');

-- Dumping data for table: units
TRUNCATE TABLE `units`;
INSERT INTO `units` (`id`, `name`, `symbol`, `created_at`, `updated_at`) VALUES ('1', 'Pcs', 'pcs', '2026-04-30 18:12:57', '2026-04-30 18:12:57');
INSERT INTO `units` (`id`, `name`, `symbol`, `created_at`, `updated_at`) VALUES ('2', 'Kilogram', 'kg', '2026-04-30 18:12:57', '2026-04-30 18:12:57');
INSERT INTO `units` (`id`, `name`, `symbol`, `created_at`, `updated_at`) VALUES ('3', 'Meter', 'm', '2026-04-30 18:12:57', '2026-04-30 18:12:57');
INSERT INTO `units` (`id`, `name`, `symbol`, `created_at`, `updated_at`) VALUES ('4', 'Batang', 'btg', '2026-04-30 18:12:57', '2026-04-30 18:12:57');
INSERT INTO `units` (`id`, `name`, `symbol`, `created_at`, `updated_at`) VALUES ('5', 'Lembar', 'lbr', '2026-04-30 18:12:57', '2026-04-30 18:12:57');
INSERT INTO `units` (`id`, `name`, `symbol`, `created_at`, `updated_at`) VALUES ('6', 'Sak', 'sak', '2026-04-30 18:12:57', '2026-04-30 18:12:57');
INSERT INTO `units` (`id`, `name`, `symbol`, `created_at`, `updated_at`) VALUES ('7', 'Dus', 'dus', '2026-04-30 18:12:57', '2026-04-30 18:12:57');
INSERT INTO `units` (`id`, `name`, `symbol`, `created_at`, `updated_at`) VALUES ('8', 'Roll', 'roll', '2026-04-30 18:12:57', '2026-04-30 18:12:57');
INSERT INTO `units` (`id`, `name`, `symbol`, `created_at`, `updated_at`) VALUES ('9', 'Rit', 'rit', '2026-04-30 18:12:57', '2026-04-30 18:12:57');
INSERT INTO `units` (`id`, `name`, `symbol`, `created_at`, `updated_at`) VALUES ('10', 'Liter', 'ltr', '2026-04-30 18:12:57', '2026-04-30 18:12:57');

-- Dumping data for table: users
TRUNCATE TABLE `users`;
INSERT INTO `users` (`id`, `name`, `username`, `email`, `email_verified_at`, `password`, `role`, `remember_token`, `created_at`, `updated_at`) VALUES ('1', 'Admin User', 'admin', 'admin@admin.com', NULL, '$2y$12$796pycC0vf0ddtE7M8ds..x6SVNLT/4LL6HNnrZkTM/Sw.eHkwrHu', 'admin', 'GptgCRgPck6JHGtj0usAS9MIKGhJ9A9orURB8PmlLAdKawRARNBcGfKXtkAQ', '2026-04-30 18:12:54', '2026-04-30 18:12:54');
INSERT INTO `users` (`id`, `name`, `username`, `email`, `email_verified_at`, `password`, `role`, `remember_token`, `created_at`, `updated_at`) VALUES ('2', 'Produksi User', 'produksi', 'produksi@admin.com', NULL, '$2y$12$BsPtwgHpRI6BRe.UYXEQUuFpy6rW1u7Fol6yWSGC2TJ9MnUZ/ER0e', 'produksi', 'vAIBUIOvE4FexNq6bWvi1ZEWMfKp8TKD2YhKcsW09NFgM4t6HsgG1qitqwgc', '2026-04-30 18:12:54', '2026-04-30 18:12:54');
INSERT INTO `users` (`id`, `name`, `username`, `email`, `email_verified_at`, `password`, `role`, `remember_token`, `created_at`, `updated_at`) VALUES ('3', 'Gudang User', 'gudang', 'gudang@admin.com', NULL, '$2y$12$1IElvIV/nVbxsc1eutO5beL3Hnl8L9xOLufTxP1Ig4UkTn1F1EbbW', 'gudang', 'hmohmMZBFufIXz6VIrxYW6j4cQAeTMVTNazb9xf1h6y0jDD83igYZSSlaBDz', '2026-04-30 18:12:55', '2026-04-30 18:12:55');
INSERT INTO `users` (`id`, `name`, `username`, `email`, `email_verified_at`, `password`, `role`, `remember_token`, `created_at`, `updated_at`) VALUES ('4', 'Manager User', 'manager', 'manager@admin.com', NULL, '$2y$12$6iPsc6dZidb382SkYMF0peeY006ED0kzi3uc6Ikr03O6zH8n77xoC', 'manager', 'S36365tDRMXRB5xltMRHECFv9FBp9O0bNEUuLphPGNshACOBPS337Hz9QRwv', '2026-04-30 18:12:55', '2026-04-30 18:12:55');

SET FOREIGN_KEY_CHECKS=1;
